usuario_id,publicacion_id,fecha,anonimo,desde_empresa
u777,p0,2026-04-25,true,true
u1095,p1,2026-12-13,false,true
u482,p2,2020-03-28,false,true
u2120,p3,2025-12-06,true,true
u659,p4,2026-12-27,true,false
u1115,p5,2021-10-22,true,true
u1724,p6,2021-05-25,false,true
u349,p7,2020-03-26,false,true
u847,p8,2025-12-17,true,true
u517,p9,2021-01-22,true,true
u1482,p10,2021-02-11,true,false
u192,p11,2026-09-21,false,false
u1974,p12,2020-04-17,false,true
u137,p13,2026-07-10,false,false
u1660,p14,2024-10-13,true,true
u135,p15,2020-07-25,false,false
u823,p16,2020-11-10,false,true
u550,p17,2022-05-29,false,false
u976,p18,2021-11-04,false,true
u1058,p19,2025-05-26,true,false
u53,p20,2025-05-27,false,true
u803,p21,2022-07-23,true,false
u1525,p22,2020-06-10,false,false
u1062,p23,2025-10-08,true,true
u2029,p24,2023-03-19,true,false
u37,p25,2020-10-28,false,true
u1786,p26,2025-09-30,false,false
u915,p27,2020-05-06,false,true
u1905,p28,2021-10-28,true,false
u1970,p29,2024-03-04,false,true
u1650,p30,2022-05-04,true,false
u133,p31,2021-02-22,true,true
u24,p32,2021-08-11,false,false
u2128,p33,2021-06-02,true,true
u950,p34,2023-10-11,false,true
u877,p35,2023-01-25,true,true
u932,p36,2023-04-09,true,true
u1711,p37,2023-05-22,true,true
u498,p38,2022-11-24,false,true
u787,p39,2020-01-23,false,false
u1599,p40,2023-10-14,false,false
u1725,p41,2020-02-21,false,true
u619,p42,2024-01-02,true,false
u1057,p43,2022-09-02,false,true
u510,p44,2020-04-24,false,true
u2197,p45,2025-09-27,true,true
u1019,p46,2021-02-14,false,false
u1070,p47,2024-05-15,false,true
u614,p48,2024-05-26,false,false
u1415,p49,2021-03-30,true,false
u1737,p50,2024-10-15,true,true
u1148,p51,2025-07-06,false,false
u1868,p52,2024-03-28,false,false
u1752,p53,2026-04-27,true,false
u1505,p54,2026-09-15,true,true
u655,p55,2025-04-21,false,false
u1681,p56,2026-11-22,false,true
u1360,p57,2023-04-06,false,false
u1552,p58,2022-09-23,false,false
u1852,p59,2026-04-06,true,true
u195,p60,2021-03-22,true,false
u1582,p61,2025-09-26,true,false
u652,p62,2025-11-09,true,true
u1986,p63,2021-06-12,false,true
u189,p64,2023-03-24,false,false
u931,p65,2023-07-06,true,true
u2017,p66,2020-09-10,false,false
u550,p67,2024-03-28,false,false
u790,p68,2020-06-27,true,true
u200,p69,2022-02-26,true,false
u781,p70,2022-04-02,true,false
u1899,p71,2026-05-01,true,true
u377,p72,2021-06-17,true,false
u799,p73,2022-01-09,true,false
u255,p74,2026-05-23,false,false
u1386,p75,2020-02-10,false,true
u1988,p76,2021-05-17,true,true
u1573,p77,2022-03-29,true,false
u1166,p78,2023-02-03,true,false
u1593,p79,2025-01-17,false,false
u1773,p80,2021-07-28,true,false
u1321,p81,2020-09-14,false,false
u349,p82,2021-06-26,false,false
u1024,p83,2025-05-05,true,false
u152,p84,2023-01-21,true,true
u1242,p85,2021-05-03,false,true
u964,p86,2026-03-22,false,false
u2165,p87,2025-07-11,true,true
u25,p88,2026-05-13,false,false
u1416,p89,2020-08-17,false,true
u1394,p90,2025-04-28,false,true
u847,p91,2025-10-10,true,true
u795,p92,2023-08-19,false,true
u877,p93,2024-10-27,true,false
u633,p94,2020-01-24,true,false
u1691,p95,2020-08-17,true,true
u2040,p96,2020-05-11,false,true
u1924,p97,2022-08-30,false,false
u2199,p98,2020-06-26,true,true
u1779,p99,2026-10-30,false,false
u66,p100,2025-01-12,true,false
u1574,p101,2024-11-02,true,true
u1378,p102,2023-10-05,true,true
u1140,p103,2026-06-07,true,false
u1098,p104,2026-11-16,true,false
u349,p105,2024-01-30,true,true
u1796,p106,2026-11-01,true,false
u708,p107,2021-07-24,false,false
u1364,p108,2024-12-29,false,true
u1068,p109,2023-11-13,true,true
u1777,p110,2024-04-21,true,true
u1702,p111,2022-08-12,false,true
u360,p112,2024-04-08,true,false
u893,p113,2021-05-20,true,true
u1017,p114,2024-03-27,true,false
u1322,p115,2021-12-07,true,false
u899,p116,2022-02-12,true,false
u1055,p117,2023-02-10,false,false
u2091,p118,2021-01-25,false,false
u1119,p119,2024-08-30,true,false
u647,p120,2025-08-27,false,true
u1342,p121,2026-11-12,true,false
u1690,p122,2025-03-25,false,true
u1993,p123,2026-08-03,false,true
u1797,p124,2026-11-05,true,false
u67,p125,2026-01-31,true,true
u1408,p126,2024-12-05,true,false
u125,p127,2021-09-28,true,true
u1087,p128,2026-03-02,false,true
u1278,p129,2025-05-03,true,false
u1999,p130,2023-12-02,false,false
u134,p131,2020-03-15,true,true
u463,p132,2026-05-20,false,false
u1726,p133,2023-05-27,false,true
u1270,p134,2026-03-30,false,true
u336,p135,2024-07-10,false,false
u284,p136,2021-08-03,false,false
u1686,p137,2021-07-04,false,false
u1420,p138,2020-09-20,true,false
u272,p139,2024-09-24,true,true
u716,p140,2024-04-13,true,false
u733,p141,2021-09-15,false,false
u1175,p142,2024-04-24,false,false
u501,p143,2022-05-12,false,true
u1122,p144,2026-01-19,true,false
u1091,p145,2024-03-20,true,false
u159,p146,2020-06-23,true,false
u561,p147,2026-11-05,true,false
u416,p148,2022-12-28,true,true
u548,p149,2021-03-23,true,true
u1419,p150,2025-11-08,false,true
u802,p151,2024-05-19,true,false
u861,p152,2021-01-06,true,false
u1045,p153,2024-10-02,true,false
u2097,p154,2020-10-09,true,false
u524,p155,2021-03-20,true,false
u670,p156,2021-07-02,true,true
u498,p157,2020-09-25,false,true
u920,p158,2020-11-20,true,false
u1273,p159,2025-06-01,false,true
u1055,p160,2026-12-30,true,true
u712,p161,2020-03-11,false,true
u1286,p162,2022-07-31,false,false
u1001,p163,2021-11-14,false,false
u313,p164,2021-06-16,true,false
u2137,p165,2025-09-21,false,true
u314,p166,2020-01-14,false,false
u328,p167,2022-12-12,false,false
u1151,p168,2022-01-01,false,true
u18,p169,2020-01-26,true,true
u415,p170,2025-12-23,false,true
u1713,p171,2026-09-17,true,true
u605,p172,2023-01-17,true,true
u471,p173,2024-03-25,true,true
u359,p174,2024-08-28,true,false
u990,p175,2021-12-04,true,false
u1502,p176,2020-05-11,false,false
u615,p177,2020-10-30,true,false
u1717,p178,2023-12-05,true,false
u1743,p179,2024-01-21,false,true
u1145,p180,2020-04-04,true,true
u1783,p181,2025-07-12,true,false
u281,p182,2025-02-05,true,false
u1822,p183,2023-07-24,true,false
u1061,p184,2022-05-10,true,false
u384,p185,2020-10-28,false,true
u1142,p186,2021-12-06,true,false
u738,p187,2026-05-09,true,true
u102,p188,2023-04-23,false,true
u642,p189,2026-07-11,false,false
u1917,p190,2024-06-30,true,false
u1683,p191,2021-05-25,true,false
u1897,p192,2020-05-28,true,true
u83,p193,2026-06-07,true,true
u1946,p194,2022-08-03,false,false
u1645,p195,2023-08-10,false,false
u472,p196,2026-10-28,false,false
u1976,p197,2021-11-07,true,true
u1086,p198,2020-10-10,true,false
u1284,p199,2020-10-21,false,false
u2033,p200,2022-07-31,false,true
u1986,p201,2021-11-28,false,true
u1631,p202,2022-02-22,false,true
u495,p203,2021-10-02,true,false
u304,p204,2020-07-09,true,true
u715,p205,2026-08-12,true,false
u2141,p206,2024-11-06,true,true
u341,p207,2021-02-01,true,true
u1336,p208,2025-10-30,true,false
u1905,p209,2020-12-16,true,true
u680,p210,2020-08-25,false,false
u940,p211,2025-09-25,false,false
u1542,p212,2022-07-13,false,false
u1023,p213,2023-08-27,false,false
u464,p214,2026-12-14,false,false
u708,p215,2022-02-26,true,true
u780,p216,2024-12-22,true,false
u805,p217,2025-03-21,false,false
u146,p218,2025-10-23,true,false
u261,p219,2026-01-13,true,false
u2027,p220,2026-01-24,true,true
u1748,p221,2025-11-26,true,false
u261,p222,2023-04-05,false,false
u1082,p223,2023-12-26,false,false
u1435,p224,2022-06-28,true,true
u179,p225,2021-07-10,false,false
u1816,p226,2023-06-23,true,false
u1307,p227,2024-12-25,true,false
u2143,p228,2026-09-04,true,true
u1527,p229,2023-12-03,true,true
u1660,p230,2023-11-14,true,false
u1024,p231,2023-02-02,false,false
u39,p232,2020-09-26,false,false
u1708,p233,2025-11-25,false,true
u1821,p234,2021-10-16,false,false
u1355,p235,2021-11-24,true,true
u1123,p236,2020-04-29,true,true
u132,p237,2025-11-05,true,true
u663,p238,2026-07-05,false,true
u1802,p239,2021-03-06,false,true
u438,p240,2020-07-14,true,true
u1222,p241,2021-04-20,false,true
u229,p242,2020-09-09,false,true
u497,p243,2024-12-14,false,false
u399,p244,2026-05-12,true,true
u575,p245,2023-04-26,false,true
u458,p246,2020-01-25,false,false
u126,p247,2021-12-26,false,true
u300,p248,2024-08-23,true,false
u1872,p249,2026-04-01,false,false
u1696,p250,2021-08-08,false,false
u1594,p251,2024-12-11,true,true
u1891,p252,2021-08-24,true,false
u719,p253,2020-10-27,true,false
u114,p254,2020-08-15,false,false
u1611,p255,2023-04-05,true,false
u1015,p256,2023-05-18,false,false
u1585,p257,2022-02-20,false,false
u790,p258,2021-02-01,true,true
u881,p259,2024-02-07,false,true
u1284,p260,2026-04-19,false,false
u1122,p261,2023-08-02,false,false
u1279,p262,2022-07-08,true,true
u671,p263,2026-01-06,true,false
u1581,p264,2020-11-14,true,false
u2048,p265,2022-01-30,true,true
u595,p266,2026-12-25,true,false
u1763,p267,2020-01-16,false,false
u1810,p268,2023-05-03,true,false
u545,p269,2023-03-24,true,true
u2104,p270,2025-05-10,false,true
u1999,p271,2026-10-13,true,false
u333,p272,2023-07-29,true,false
u1850,p273,2021-03-10,true,false
u664,p274,2025-07-13,false,true
u1907,p275,2022-04-17,false,true
u978,p276,2022-02-06,true,false
u232,p277,2024-06-17,true,true
u699,p278,2022-03-05,false,true
u2074,p279,2021-01-26,false,true
u427,p280,2020-12-02,true,true
u1944,p281,2022-07-27,false,false
u368,p282,2026-09-21,false,false
u449,p283,2026-06-27,false,false
u1795,p284,2025-11-17,true,false
u709,p285,2024-07-01,false,false
u387,p286,2023-01-14,true,false
u711,p287,2024-07-25,false,false
u168,p288,2020-08-10,false,true
u661,p289,2021-03-30,true,false
u299,p290,2021-07-29,true,false
u505,p291,2026-12-18,false,true
u1651,p292,2021-09-21,false,true
u447,p293,2024-10-22,false,true
u1035,p294,2026-05-13,true,false
u591,p295,2024-11-01,false,false
u377,p296,2025-01-06,false,true
u1327,p297,2023-05-14,false,true
u524,p298,2020-03-11,false,true
u518,p299,2024-03-26,false,true
u1924,p300,2020-02-21,true,false
u1090,p301,2026-12-08,false,false
u414,p302,2024-02-12,true,false
u401,p303,2021-08-18,false,true
u880,p304,2026-04-26,true,false
u876,p305,2024-09-15,false,false
u650,p306,2021-04-26,false,true
u330,p307,2021-07-01,false,true
u28,p308,2026-08-04,true,true
u2160,p309,2021-09-10,false,false
u1291,p310,2024-03-26,false,true
u871,p311,2025-07-03,false,false
u935,p312,2021-10-04,false,false
u663,p313,2024-11-19,false,false
u1812,p314,2022-05-17,true,true
u1073,p315,2021-06-28,true,false
u560,p316,2025-06-12,false,true
u1157,p317,2020-06-02,false,true
u1663,p318,2021-08-03,false,false
u1785,p319,2022-11-28,false,false
u2137,p320,2024-11-13,true,false
u1572,p321,2022-10-24,true,true
u326,p322,2020-04-05,false,false
u1611,p323,2020-06-30,true,false
u587,p324,2026-11-25,false,false
u481,p325,2022-04-08,false,false
u26,p326,2026-09-27,true,true
u1066,p327,2025-11-01,true,false
u293,p328,2020-08-27,false,false
u1492,p329,2020-01-06,true,false
u890,p330,2021-08-25,false,true
u928,p331,2025-04-28,false,true
u1373,p332,2023-04-18,true,true
u757,p333,2024-09-13,true,true
u1973,p334,2026-04-13,false,false
u746,p335,2023-03-06,true,false
u2116,p336,2022-04-18,false,false
u1060,p337,2023-12-31,false,true
u590,p338,2022-05-25,true,false
u266,p339,2020-06-25,false,false
u1252,p340,2020-06-18,true,false
u1843,p341,2023-06-05,true,false
u2149,p342,2024-04-25,false,false
u537,p343,2023-03-21,true,false
u1119,p344,2021-02-11,false,false
u69,p345,2025-02-01,false,false
u1698,p346,2022-11-25,false,false
u1014,p347,2026-06-02,true,true
u1245,p348,2026-03-22,true,false
u1272,p349,2021-11-11,false,true
u1157,p350,2022-03-11,false,false
u1191,p351,2023-08-17,true,true
u1745,p352,2020-07-25,true,true
u565,p353,2021-09-13,false,false
u1728,p354,2025-07-12,true,false
u1537,p355,2021-07-04,false,true
u1138,p356,2021-02-02,false,true
u1237,p357,2025-11-11,true,false
u1476,p358,2026-04-06,false,true
u1223,p359,2024-07-26,true,true
u315,p360,2026-07-14,true,false
u1901,p361,2024-01-24,false,false
u369,p362,2021-11-29,true,false
u1755,p363,2025-06-12,true,false
u1093,p364,2023-06-16,false,true
u1585,p365,2026-05-02,false,true
u931,p366,2026-10-04,true,false
u150,p367,2026-01-20,true,false
u575,p368,2025-11-02,true,false
u1341,p369,2025-05-26,true,false
u753,p370,2025-03-27,true,true
u343,p371,2026-09-05,true,true
u261,p372,2021-09-08,false,false
u938,p373,2023-10-04,true,true
u1180,p374,2021-05-03,true,false
u1697,p375,2024-07-09,true,true
u1743,p376,2026-04-19,false,false
u1689,p377,2020-06-26,true,true
u2109,p378,2026-02-22,false,false
u281,p379,2020-10-13,true,true
u539,p380,2020-04-28,true,false
u138,p381,2021-09-25,false,true
u1373,p382,2024-02-22,false,true
u1899,p383,2024-12-31,true,false
u264,p384,2020-07-31,false,false
u558,p385,2025-11-05,false,false
u1188,p386,2024-11-03,true,true
u1033,p387,2026-12-31,false,true
u1559,p388,2020-04-23,false,true
u2055,p389,2024-02-20,false,false
u1132,p390,2021-01-19,true,false
u595,p391,2026-04-09,true,true
u522,p392,2021-11-16,true,true
u1240,p393,2022-12-09,false,true
u1701,p394,2024-09-29,true,true
u1300,p395,2024-02-14,false,false
u1831,p396,2023-09-10,true,false
u1419,p397,2025-06-26,true,true
u1418,p398,2024-08-08,true,false
u1162,p399,2022-02-28,true,true
u360,p400,2021-01-16,false,true
u1683,p401,2021-12-30,true,false
u1776,p402,2021-01-09,true,false
u381,p403,2023-08-21,true,true
u29,p404,2022-04-13,false,false
u607,p405,2021-05-23,true,true
u1717,p406,2026-11-23,false,true
u201,p407,2025-07-25,false,false
u1831,p408,2021-01-16,false,false
u1353,p409,2024-04-28,true,true
u1163,p410,2025-07-27,false,false
u1673,p411,2026-11-30,true,false
u1381,p412,2025-02-13,false,true
u1377,p413,2021-05-06,true,false
u250,p414,2024-01-07,false,true
u881,p415,2021-06-08,false,false
u548,p416,2023-10-25,true,true
u953,p417,2021-02-01,false,true
u103,p418,2025-09-16,false,true
u978,p419,2022-07-18,true,true
u1131,p420,2024-08-07,false,false
u1715,p421,2024-09-16,false,true
u1740,p422,2023-04-18,true,true
u2080,p423,2020-08-06,true,true
u1924,p424,2021-10-01,false,false
u700,p425,2021-12-21,false,false
u1438,p426,2021-04-17,false,false
u147,p427,2022-04-10,false,true
u1159,p428,2026-06-06,true,false
u314,p429,2020-07-23,true,true
u1403,p430,2025-07-09,true,false
u2187,p431,2022-07-18,true,false
u1150,p432,2022-09-27,false,false
u2009,p433,2024-03-15,true,false
u852,p434,2024-07-05,false,true
u753,p435,2025-09-08,false,true
u1539,p436,2026-07-13,true,false
u327,p437,2020-09-18,false,true
u1458,p438,2024-09-10,false,true
u1635,p439,2023-12-19,true,false
u1215,p440,2022-05-16,true,true
u1414,p441,2023-04-23,true,false
u1743,p442,2024-02-23,true,false
u2094,p443,2021-07-30,false,true
u1868,p444,2021-08-01,false,false
u1009,p445,2022-10-11,true,true
u605,p446,2021-09-27,false,true
u374,p447,2025-04-26,false,true
u1505,p448,2023-12-12,true,false
u2009,p449,2022-09-18,true,false
u1191,p450,2021-10-04,true,true
u1401,p451,2021-06-25,true,true
u1775,p452,2026-09-29,true,false
u29,p453,2026-06-24,false,true
u1925,p454,2022-02-17,false,false
u410,p455,2022-08-10,true,true
u985,p456,2026-05-17,false,false
u796,p457,2023-09-25,false,true
u576,p458,2022-07-11,true,false
u1457,p459,2024-03-31,false,false
u1280,p460,2022-10-17,false,false
u147,p461,2026-10-24,false,false
u637,p462,2021-07-13,false,false
u853,p463,2025-09-12,false,true
u1780,p464,2020-04-26,true,true
u632,p465,2020-09-17,true,false
u1084,p466,2021-06-26,true,true
u1276,p467,2023-09-19,false,true
u1002,p468,2021-07-19,false,false
u420,p469,2023-11-04,false,false
u1028,p470,2022-01-19,true,false
u1514,p471,2026-05-16,true,true
u2045,p472,2020-10-30,true,true
u1926,p473,2023-05-24,false,true
u432,p474,2023-04-17,false,true
u1994,p475,2025-09-12,true,true
u2064,p476,2023-03-16,false,true
u2133,p477,2021-04-17,true,true
u1777,p478,2024-11-12,true,false
u48,p479,2020-04-22,true,false
u1839,p480,2020-06-20,true,false
u593,p481,2020-11-07,false,true
u2183,p482,2022-12-18,false,false
u1060,p483,2020-06-19,true,true
u1301,p484,2022-11-04,true,true
u662,p485,2021-06-04,true,false
u1225,p486,2026-07-16,true,true
u637,p487,2024-12-16,true,false
u1262,p488,2024-01-10,true,true
u2062,p489,2026-06-25,true,false
u1971,p490,2024-10-04,false,false
u750,p491,2022-02-07,true,false
u816,p492,2025-04-21,false,false
u739,p493,2021-10-07,false,false
u258,p494,2024-04-06,false,false
u988,p495,2023-11-09,true,false
u1471,p496,2023-03-19,false,true
u1596,p497,2020-06-12,false,false
u937,p498,2025-08-23,false,false
u1432,p499,2026-01-26,false,true
u2168,p500,2026-05-08,true,true
u1096,p501,2025-04-16,false,false
u1120,p502,2026-12-01,false,false
u866,p503,2026-10-25,true,true
u287,p504,2022-07-02,true,true
u593,p505,2020-12-01,true,true
u1748,p506,2021-02-18,false,false
u570,p507,2023-12-31,true,false
u847,p508,2021-02-13,true,true
u2118,p509,2022-10-14,true,true
u587,p510,2024-11-25,false,true
u2050,p511,2021-01-26,true,true
u1820,p512,2023-03-06,false,true
u39,p513,2023-12-30,false,false
u151,p514,2023-01-27,true,true
u234,p515,2026-01-28,false,false
u1681,p516,2023-09-16,true,false
u855,p517,2026-12-23,true,false
u637,p518,2021-08-21,true,true
u863,p519,2024-04-25,false,false
u1431,p520,2022-12-31,false,false
u1473,p521,2026-04-25,true,true
u1485,p522,2023-05-16,false,true
u1914,p523,2022-05-19,true,false
u1897,p524,2026-09-28,true,false
u756,p525,2026-12-11,true,false
u1952,p526,2021-11-09,false,true
u1492,p527,2022-02-02,true,true
u162,p528,2026-10-01,false,false
u599,p529,2025-01-25,true,false
u137,p530,2025-06-17,true,true
u554,p531,2020-06-01,true,false
u187,p532,2025-05-02,false,true
u533,p533,2021-08-19,false,true
u1279,p534,2025-09-30,false,true
u259,p535,2025-07-20,false,false
u2068,p536,2025-06-03,true,false
u217,p537,2023-12-09,true,false
u1963,p538,2024-07-13,false,false
u49,p539,2022-02-10,false,true
u1811,p540,2026-05-05,false,false
u579,p541,2026-03-25,true,true
u1674,p542,2024-12-20,true,false
u1655,p543,2024-02-21,true,true
u763,p544,2022-03-02,false,false
u2155,p545,2021-08-19,true,true
u1113,p546,2026-11-10,false,true
u901,p547,2023-06-07,true,false
u621,p548,2024-03-20,true,false
u948,p549,2024-06-11,false,false
u299,p550,2023-01-15,false,false
u1802,p551,2023-04-16,false,false
u497,p552,2025-08-15,true,false
u2111,p553,2020-01-22,true,true
u680,p554,2020-03-21,false,false
u1167,p555,2023-04-12,true,false
u1455,p556,2023-12-24,true,false
u942,p557,2026-09-26,true,true
u1438,p558,2023-08-10,true,false
u115,p559,2020-04-22,true,true
u1908,p560,2022-03-31,false,false
u207,p561,2021-12-15,false,false
u229,p562,2022-03-25,true,true
u465,p563,2023-10-19,true,false
u852,p564,2020-06-11,true,true
u2092,p565,2023-11-13,false,false
u1111,p566,2022-07-05,false,true
u1195,p567,2025-08-25,true,true
u1606,p568,2021-07-16,true,false
u1296,p569,2020-01-27,false,true
u1202,p570,2025-03-18,true,true
u1596,p571,2023-11-15,true,true
u345,p572,2026-07-25,true,false
u669,p573,2026-05-02,false,false
u821,p574,2020-03-04,false,false
u1601,p575,2026-02-23,false,true
u1546,p576,2023-04-29,false,true
u249,p577,2025-02-09,true,true
u1849,p578,2025-02-14,false,true
u1929,p579,2024-10-04,false,false
u2098,p580,2026-11-05,true,true
u266,p581,2024-08-03,true,false
u140,p582,2023-04-18,true,false
u487,p583,2025-11-07,false,false
u523,p584,2022-08-31,true,true
u2178,p585,2022-08-27,true,false
u2042,p586,2022-01-05,true,true
u961,p587,2025-01-26,true,false
u2012,p588,2020-08-29,false,true
u1465,p589,2020-12-19,true,true
u2000,p590,2023-05-03,false,false
u602,p591,2026-09-21,true,true
u811,p592,2023-12-07,true,true
u1501,p593,2025-05-12,true,true
u538,p594,2021-09-27,false,true
u8,p595,2022-04-22,true,false
u2067,p596,2022-08-16,false,true
u1677,p597,2022-12-01,true,false
u1649,p598,2021-02-17,true,false
u2000,p599,2026-11-03,true,true
u773,p600,2022-02-16,true,false
u118,p601,2022-03-26,true,true
u1522,p602,2024-07-07,true,true
u357,p603,2023-04-10,true,true
u386,p604,2023-12-03,true,true
u2084,p605,2020-03-01,false,true
u657,p606,2025-02-23,false,true
u1911,p607,2025-06-25,true,true
u2100,p608,2026-08-11,true,true
u540,p609,2022-06-16,false,false
u1050,p610,2021-07-17,true,true
u349,p611,2025-05-09,false,true
u1590,p612,2021-12-28,true,false
u655,p613,2025-04-30,false,false
u1768,p614,2023-10-18,false,true
u1956,p615,2024-10-03,true,true
u1042,p616,2021-05-09,false,true
u1282,p617,2020-08-13,true,true
u1162,p618,2022-02-06,true,true
u1545,p619,2021-05-07,true,false
u283,p620,2020-07-10,false,false
u1317,p621,2023-10-14,true,true
u101,p622,2026-06-03,false,true
u520,p623,2023-01-12,false,false
u509,p624,2024-03-17,true,false
u1669,p625,2023-09-24,true,false
u10,p626,2021-09-15,true,false
u2122,p627,2022-08-18,true,true
u694,p628,2022-09-25,false,false
u1800,p629,2020-04-10,false,true
u1221,p630,2021-08-23,false,true
u2032,p631,2020-09-02,true,true
u1297,p632,2025-08-12,true,true
u494,p633,2024-03-09,false,false
u551,p634,2022-12-17,true,true
u2068,p635,2025-04-19,true,true
u53,p636,2021-02-22,false,true
u2141,p637,2020-04-19,false,true
u424,p638,2022-01-12,true,true
u1577,p639,2021-05-17,true,true
u1741,p640,2021-04-29,true,true
u1596,p641,2025-04-15,false,false
u1923,p642,2024-12-02,true,true
u1164,p643,2026-05-29,true,true
u1784,p644,2022-08-11,true,false
u964,p645,2024-02-09,false,false
u1277,p646,2026-06-18,true,false
u1801,p647,2023-05-12,false,true
u2011,p648,2024-12-17,true,false
u1369,p649,2024-08-06,false,false
u1035,p650,2022-08-23,true,true
u1072,p651,2024-05-25,false,true
u437,p652,2025-12-27,true,false
u2183,p653,2026-09-04,false,true
u806,p654,2021-10-15,false,true
u1030,p655,2022-03-14,true,true
u1764,p656,2021-10-07,true,false
u2098,p657,2021-07-07,false,true
u456,p658,2023-11-23,true,true
u1845,p659,2022-04-29,true,true
u276,p660,2025-11-07,false,true
u842,p661,2022-01-18,false,false
u403,p662,2023-11-02,true,false
u1632,p663,2025-05-01,true,true
u777,p664,2021-02-26,false,false
u722,p665,2025-10-31,true,false
u2187,p666,2022-10-22,true,false
u990,p667,2023-03-30,true,true
u83,p668,2026-02-26,false,false
u869,p669,2023-02-05,false,false
u1889,p670,2023-10-23,false,true
u381,p671,2023-09-12,false,true
u545,p672,2025-07-12,true,false
u1532,p673,2025-05-02,false,true
u142,p674,2020-07-11,false,true
u1699,p675,2026-02-26,true,false
u1119,p676,2022-06-22,false,true
u721,p677,2020-05-10,true,false
u2003,p678,2024-08-18,false,true
u670,p679,2026-05-30,false,false
u315,p680,2020-10-11,false,true
u8,p681,2026-11-26,true,true
u2022,p682,2020-08-18,false,true
u1579,p683,2024-06-26,true,true
u1677,p684,2021-09-11,false,true
u1058,p685,2023-02-14,false,true
u1756,p686,2025-04-11,false,false
u55,p687,2025-01-31,true,false
u594,p688,2022-08-11,true,false
u545,p689,2024-11-16,false,false
u1362,p690,2024-12-24,false,false
u1670,p691,2025-10-05,true,true
u666,p692,2020-02-01,true,false
u1717,p693,2023-08-06,false,false
u998,p694,2020-07-18,false,true
u1974,p695,2023-02-13,true,true
u2174,p696,2025-02-21,true,false
u39,p697,2025-05-01,false,true
u930,p698,2023-12-12,true,false
u684,p699,2022-03-09,false,false
u530,p700,2022-10-08,true,true
u397,p701,2025-04-15,true,true
u1624,p702,2022-04-04,false,true
u500,p703,2026-02-12,false,true
u864,p704,2026-07-20,false,false
u782,p705,2023-02-08,false,false
u318,p706,2021-07-01,false,true
u893,p707,2025-09-08,false,true
u1507,p708,2026-03-13,false,true
u1030,p709,2026-11-17,true,true
u466,p710,2026-02-18,false,true
u531,p711,2022-08-12,true,false
u417,p712,2026-05-11,false,true
u1696,p713,2021-07-29,true,true
u1248,p714,2023-01-24,true,false
u1000,p715,2026-03-14,true,true
u805,p716,2022-05-10,false,false
u837,p717,2022-07-30,false,true
u1336,p718,2026-02-28,true,false
u2063,p719,2020-10-04,false,true
u1324,p720,2026-11-24,false,true
u1433,p721,2023-11-02,false,false
u1123,p722,2024-07-10,false,true
u749,p723,2025-03-09,true,true
u152,p724,2024-08-27,true,false
u1200,p725,2025-03-12,true,false
u2146,p726,2025-05-15,true,false
u575,p727,2025-12-12,true,false
u445,p728,2026-10-09,true,false
u1106,p729,2024-12-19,false,true
u801,p730,2025-02-08,false,true
u2090,p731,2020-03-18,false,false
u166,p732,2021-04-09,true,true
u815,p733,2025-02-01,false,true
u1107,p734,2026-08-22,true,true
u2019,p735,2026-09-02,false,true
u1358,p736,2025-02-07,false,true
u408,p737,2020-03-24,true,true
u1998,p738,2020-10-12,true,false
u680,p739,2022-01-15,false,false
u1991,p740,2025-11-01,false,true
u37,p741,2022-10-17,true,true
u548,p742,2020-10-30,true,true
u2076,p743,2025-09-12,false,true
u1658,p744,2024-11-10,true,false
u59,p745,2026-11-27,false,true
u1318,p746,2025-07-24,true,false
u363,p747,2024-08-10,false,false
u1434,p748,2022-05-04,false,true
u158,p749,2023-12-01,true,false
u38,p750,2024-01-29,true,false
u2035,p751,2023-03-17,true,true
u170,p752,2026-01-19,true,true
u1929,p753,2026-12-23,true,false
u1450,p754,2024-07-21,false,true
u919,p755,2026-08-12,true,false
u690,p756,2024-05-09,false,false
u1320,p757,2022-10-17,true,false
u539,p758,2023-07-22,true,false
u120,p759,2022-01-16,false,true
u1299,p760,2022-01-31,true,false
u961,p761,2025-05-27,true,true
u1694,p762,2022-03-28,false,true
u1916,p763,2021-03-27,false,true
u789,p764,2026-02-24,true,false
u2152,p765,2021-02-28,false,true
u119,p766,2024-01-10,true,false
u1313,p767,2020-02-20,true,false
u1858,p768,2026-01-01,true,false
u1272,p769,2021-12-29,true,true
u819,p770,2023-10-16,false,false
u375,p771,2023-06-23,false,false
u94,p772,2020-09-04,false,false
u1997,p773,2026-10-12,false,true
u339,p774,2023-10-28,true,true
u1987,p775,2026-12-22,true,true
u53,p776,2025-03-24,false,false
u1437,p777,2023-10-28,true,false
u1513,p778,2022-08-27,true,true
u27,p779,2020-04-14,false,false
u1421,p780,2021-10-28,true,true
u206,p781,2023-05-27,true,true
u1183,p782,2021-10-16,true,false
u1904,p783,2020-02-09,false,true
u2137,p784,2023-04-27,false,true
u308,p785,2022-04-03,false,false
u564,p786,2023-04-26,false,true
u970,p787,2021-07-30,true,true
u2162,p788,2023-07-23,false,false
u593,p789,2020-09-22,true,true
u1569,p790,2026-10-18,false,false
u1536,p791,2023-06-09,true,true
u80,p792,2021-05-30,true,true
u110,p793,2026-04-29,false,false
u1398,p794,2025-10-29,true,false
u2019,p795,2021-04-12,false,false
u557,p796,2020-02-22,true,false
u2026,p797,2026-11-28,true,false
u872,p798,2021-12-14,false,true
u2016,p799,2022-12-22,true,false
u2059,p800,2020-02-06,true,false
u1442,p801,2020-09-06,true,false
u1957,p802,2023-11-27,false,false
u1424,p803,2020-05-12,true,true
u1712,p804,2025-10-10,true,false
u1874,p805,2022-02-22,false,false
u1274,p806,2020-02-27,false,true
u474,p807,2021-12-20,true,true
u861,p808,2026-05-08,true,true
u1886,p809,2020-08-23,false,false
u1662,p810,2023-10-19,false,false
u1183,p811,2020-06-03,false,true
u807,p812,2025-07-02,true,true
u839,p813,2020-04-20,false,true
u69,p814,2025-10-30,false,true
u1670,p815,2020-03-11,false,false
u642,p816,2020-08-16,false,true
u1248,p817,2022-06-22,true,true
u408,p818,2024-02-09,false,true
u1214,p819,2022-03-26,false,false
u2063,p820,2021-08-07,false,true
u999,p821,2025-09-07,true,false
u1153,p822,2025-04-22,false,true
u700,p823,2026-10-21,false,false
u1833,p824,2023-12-20,false,true
u2167,p825,2022-07-27,false,true
u1784,p826,2023-11-11,false,true
u773,p827,2026-06-12,true,false
u1122,p828,2022-10-26,true,true
u1986,p829,2026-05-18,true,true
u760,p830,2021-07-14,true,true
u591,p831,2022-08-20,false,true
u940,p832,2021-10-01,true,false
u242,p833,2022-01-11,false,true
u237,p834,2023-12-13,true,true
u1734,p835,2021-04-14,true,false
u447,p836,2020-04-09,false,false
u1941,p837,2025-03-07,false,true
u571,p838,2022-09-19,false,true
u1983,p839,2025-04-11,true,false
u1210,p840,2021-08-18,true,false
u1370,p841,2025-04-14,true,true
u2108,p842,2020-03-20,false,true
u1622,p843,2026-10-01,true,false
u1207,p844,2022-02-05,true,true
u2192,p845,2024-11-20,true,true
u2140,p846,2020-08-07,true,false
u1226,p847,2023-07-31,false,true
u1841,p848,2023-08-03,true,false
u39,p849,2020-04-08,false,true
u138,p850,2021-12-10,true,true
u1583,p851,2021-10-17,false,false
u322,p852,2020-10-08,false,true
u2010,p853,2025-04-15,true,true
u953,p854,2020-10-17,true,false
u1057,p855,2026-07-11,true,true
u1768,p856,2023-09-02,false,true
u1734,p857,2025-12-01,false,true
u907,p858,2020-10-22,true,true
u159,p859,2020-12-07,false,false
u1112,p860,2020-02-16,false,false
u1062,p861,2023-03-19,false,true
u903,p862,2026-03-24,true,false
u399,p863,2025-06-04,false,false
u1191,p864,2026-09-27,true,false
u747,p865,2022-09-25,true,false
u830,p866,2022-08-19,false,true
u1624,p867,2021-08-22,true,true
u1354,p868,2024-12-26,false,true
u205,p869,2025-03-07,true,false
u1664,p870,2026-10-07,true,true
u2183,p871,2024-02-06,false,true
u414,p872,2025-11-04,false,true
u1513,p873,2022-06-27,false,false
u875,p874,2026-07-07,false,false
u1154,p875,2022-01-31,true,false
u834,p876,2023-04-11,true,true
u1040,p877,2021-08-06,false,true
u1676,p878,2022-06-26,false,false
u1226,p879,2026-04-16,true,true
u1028,p880,2021-04-01,true,false
u1262,p881,2023-10-13,false,true
u287,p882,2026-09-05,true,false
u2008,p883,2021-11-23,false,false
u1298,p884,2024-11-12,false,true
u2012,p885,2022-03-08,false,false
u1881,p886,2021-05-24,true,false
u428,p887,2025-02-19,true,false
u1440,p888,2023-08-18,true,true
u1750,p889,2023-05-27,false,true
u546,p890,2022-04-06,true,false
u1688,p891,2023-04-16,true,true
u621,p892,2020-02-22,false,false
u1467,p893,2025-06-19,false,false
u1864,p894,2023-11-30,true,true
u1226,p895,2022-07-23,false,false
u1898,p896,2024-12-14,false,true
u949,p897,2024-06-13,false,false
u1014,p898,2025-01-02,false,true
u744,p899,2020-01-22,false,false
u2021,p900,2025-07-28,false,false
u1034,p901,2020-08-21,false,false
u124,p902,2024-06-09,true,false
u348,p903,2026-10-09,true,true
u1421,p904,2024-03-08,false,false
u726,p905,2026-11-29,true,false
u509,p906,2022-02-15,false,true
u1058,p907,2026-02-26,true,false
u1775,p908,2025-05-25,false,true
u815,p909,2026-03-27,true,false
u220,p910,2021-09-10,false,false
u642,p911,2024-04-27,true,true
u1082,p912,2021-01-02,true,false
u139,p913,2022-03-01,false,false
u333,p914,2023-05-12,true,true
u64,p915,2020-09-30,true,true
u1576,p916,2025-07-15,false,true
u1711,p917,2026-02-08,false,true
u964,p918,2025-02-05,false,false
u1702,p919,2021-05-14,true,false
u1401,p920,2025-12-16,false,false
u781,p921,2025-09-08,false,true
u13,p922,2025-10-28,true,true
u254,p923,2023-12-31,true,true
u687,p924,2022-12-19,true,false
u1733,p925,2024-08-16,false,false
u415,p926,2026-11-19,false,false
u1186,p927,2023-12-18,true,true
u2117,p928,2022-03-27,false,true
u835,p929,2021-05-18,true,false
u1235,p930,2024-11-28,false,true
u790,p931,2020-12-19,true,false
u1816,p932,2025-02-18,true,false
u1009,p933,2022-08-23,false,false
u324,p934,2023-01-11,false,true
u674,p935,2025-05-23,false,false
u2195,p936,2026-03-11,true,true
u1874,p937,2021-07-26,true,true
u1356,p938,2021-11-02,false,true
u632,p939,2020-01-04,false,false
u1395,p940,2023-07-02,false,false
u230,p941,2020-02-12,false,false
u1449,p942,2026-02-21,false,true
u406,p943,2021-06-27,true,false
u133,p944,2022-02-23,false,true
u493,p945,2024-05-24,true,false
u302,p946,2020-05-24,true,true
u2170,p947,2022-03-30,true,true
u1521,p948,2022-03-05,false,true
u1838,p949,2026-03-29,true,true
u1338,p950,2024-07-31,true,false
u789,p951,2026-04-03,false,true
u1575,p952,2021-07-28,false,true
u1071,p953,2022-12-12,false,false
u1593,p954,2026-12-16,true,false
u2029,p955,2026-06-30,true,true
u688,p956,2020-09-15,true,false
u1969,p957,2024-08-28,false,true
u2166,p958,2026-10-18,true,true
u1340,p959,2024-03-16,true,false
u461,p960,2026-10-27,false,true
u1908,p961,2026-03-23,false,true
u406,p962,2026-02-05,true,false
u2123,p963,2024-04-05,false,false
u2099,p964,2025-04-04,false,false
u828,p965,2025-03-20,false,false
u2189,p966,2025-11-02,true,false
u1671,p967,2024-11-22,false,true
u485,p968,2024-04-09,true,false
u2153,p969,2025-05-03,false,false
u2135,p970,2020-04-07,true,true
u1350,p971,2021-04-21,true,false
u568,p972,2024-03-16,false,true
u19,p973,2021-10-04,true,true
u1497,p974,2025-12-29,true,false
u1323,p975,2025-05-05,true,true
u1418,p976,2021-07-03,false,true
u1833,p977,2022-09-27,true,false
u1623,p978,2020-03-07,false,false
u147,p979,2024-06-17,true,false
u18,p980,2026-12-09,true,false
u687,p981,2024-07-10,true,true
u250,p982,2026-10-30,false,false
u246,p983,2024-03-21,true,true
u1003,p984,2021-07-21,true,false
u2008,p985,2022-09-10,false,false
u1046,p986,2020-07-14,true,false
u876,p987,2021-05-03,true,true
u696,p988,2020-04-02,true,false
u692,p989,2021-12-29,true,false
u991,p990,2020-10-02,false,false
u391,p991,2026-12-07,true,true
u1844,p992,2022-09-20,true,false
u64,p993,2026-10-18,false,false
u1001,p994,2023-08-04,false,false
u758,p995,2022-10-19,true,false
u1758,p996,2021-07-23,false,true
u1739,p997,2024-03-21,true,true
u1836,p998,2023-02-09,true,false
u1733,p999,2022-04-14,true,true
u714,p1000,2021-08-29,true,true
u758,p1001,2022-06-30,false,true
u1679,p1002,2020-03-28,true,true
u1170,p1003,2020-09-28,false,true
u1019,p1004,2024-05-14,true,true
u959,p1005,2026-08-08,true,true
u372,p1006,2026-02-22,false,false
u1145,p1007,2026-07-16,false,false
u332,p1008,2023-10-10,true,true
u2170,p1009,2023-10-30,false,true
u1425,p1010,2020-03-27,false,false
u310,p1011,2022-07-09,true,true
u901,p1012,2025-01-19,true,true
u975,p1013,2021-03-04,true,false
u1603,p1014,2023-07-03,false,true
u40,p1015,2020-12-08,false,true
u907,p1016,2026-06-25,false,true
u774,p1017,2021-07-01,false,false
u160,p1018,2026-11-17,true,true
u714,p1019,2025-12-01,true,false
u2184,p1020,2026-11-13,true,false
u1227,p1021,2023-09-28,true,true
u213,p1022,2020-08-22,false,false
u278,p1023,2022-04-11,false,false
u161,p1024,2024-04-12,true,false
u1420,p1025,2024-06-08,true,true
u459,p1026,2025-07-12,false,false
u568,p1027,2024-08-17,false,true
u867,p1028,2023-05-29,true,false
u1801,p1029,2025-07-25,true,false
u1386,p1030,2022-03-23,false,false
u1991,p1031,2020-08-14,false,true
u1226,p1032,2021-05-27,true,true
u2090,p1033,2026-11-17,true,true
u1627,p1034,2026-10-14,true,true
u2041,p1035,2026-06-19,false,true
u1234,p1036,2021-07-01,true,false
u1682,p1037,2024-07-21,true,false
u918,p1038,2024-01-08,true,false
u1845,p1039,2023-07-23,false,false
u722,p1040,2026-12-19,true,false
u994,p1041,2020-06-06,true,false
u485,p1042,2020-02-06,true,false
u1781,p1043,2020-03-23,false,true
u8,p1044,2020-04-04,true,false
u13,p1045,2020-07-09,false,true
u1619,p1046,2023-01-16,false,true
u1841,p1047,2021-02-20,false,false
u1437,p1048,2021-06-16,true,false
u1002,p1049,2023-09-27,false,true
u1512,p1050,2025-07-30,true,true
u2031,p1051,2022-11-30,true,false
u1897,p1052,2023-03-05,true,false
u392,p1053,2026-07-08,false,false
u1267,p1054,2024-10-21,false,true
u2181,p1055,2023-04-29,false,false
u1551,p1056,2022-05-15,true,false
u121,p1057,2022-04-14,true,false
u2190,p1058,2026-06-02,false,false
u430,p1059,2025-07-15,true,false
u927,p1060,2023-12-30,true,true
u2056,p1061,2020-02-12,true,true
u398,p1062,2023-07-02,true,true
u622,p1063,2023-12-01,true,true
u47,p1064,2021-06-03,true,false
u662,p1065,2024-08-24,true,false
u709,p1066,2023-07-18,true,false
u1544,p1067,2025-07-21,true,false
u2065,p1068,2023-09-10,true,false
u289,p1069,2024-04-18,true,true
u482,p1070,2021-09-11,true,false
u2161,p1071,2025-12-26,true,false
u752,p1072,2024-05-25,false,false
u2080,p1073,2025-05-05,false,true
u656,p1074,2022-08-26,true,false
u1247,p1075,2023-06-30,false,true
u373,p1076,2025-03-01,false,false
u1507,p1077,2025-02-20,true,true
u1806,p1078,2020-02-12,false,false
u1267,p1079,2020-10-18,false,true
u1581,p1080,2021-05-13,false,false
u294,p1081,2026-01-27,true,true
u938,p1082,2021-09-11,true,true
u1544,p1083,2025-04-22,true,false
u425,p1084,2024-01-12,false,true
u45,p1085,2020-08-27,false,true
u1768,p1086,2020-09-10,false,false
u2099,p1087,2023-12-11,true,false
u1192,p1088,2020-08-20,false,false
u136,p1089,2020-07-29,false,false
u1205,p1090,2023-11-22,true,true
u2058,p1091,2021-12-02,false,true
u1071,p1092,2021-10-16,true,true
u1731,p1093,2024-11-06,false,false
u664,p1094,2023-01-10,true,true
u1292,p1095,2026-09-27,false,false
u1229,p1096,2026-03-08,false,true
u896,p1097,2022-04-24,false,false
u812,p1098,2022-07-04,false,false
u766,p1099,2022-04-28,true,false
u457,p1100,2024-06-15,false,false
u1798,p1101,2023-11-12,false,true
u744,p1102,2023-06-23,false,false
u2126,p1103,2020-05-11,false,true
u1350,p1104,2025-04-04,false,false
u298,p1105,2022-02-16,true,false
u1140,p1106,2024-09-09,true,false
u2042,p1107,2024-09-25,true,true
u889,p1108,2024-11-12,true,false
u604,p1109,2026-11-28,false,false
u1091,p1110,2025-03-20,true,false
u553,p1111,2023-06-29,false,false
u1992,p1112,2024-05-15,false,false
u275,p1113,2021-03-04,false,true
u828,p1114,2022-06-30,false,true
u1767,p1115,2020-05-03,true,false
u1112,p1116,2025-07-10,true,false
u1877,p1117,2025-07-23,true,false
u1119,p1118,2023-09-06,false,false
u321,p1119,2022-12-14,true,false
u1858,p1120,2023-06-19,true,false
u422,p1121,2021-08-06,false,false
u118,p1122,2023-08-26,true,false
u553,p1123,2026-09-15,true,true
u552,p1124,2025-03-09,false,false
u780,p1125,2020-08-29,false,false
u739,p1126,2021-05-03,false,false
u1381,p1127,2022-06-25,true,false
u377,p1128,2024-07-04,true,false
u1055,p1129,2026-06-03,true,false
u1413,p1130,2021-10-29,true,false
u409,p1131,2025-10-19,true,false
u1286,p1132,2022-12-17,false,true
u227,p1133,2024-08-30,false,true
u18,p1134,2021-07-29,false,true
u101,p1135,2023-11-15,false,true
u952,p1136,2024-05-20,false,true
u1853,p1137,2024-07-29,true,true
u1815,p1138,2020-12-14,true,true
u1680,p1139,2022-09-29,true,true
u1662,p1140,2026-02-14,false,true
u1531,p1141,2023-05-12,true,false
u2018,p1142,2022-10-30,true,false
u2079,p1143,2021-09-13,true,false
u884,p1144,2021-10-30,true,true
u1891,p1145,2025-06-10,true,true
u1864,p1146,2025-03-14,false,true
u1971,p1147,2026-01-04,false,true
u1958,p1148,2026-02-08,false,true
u1105,p1149,2021-07-21,false,false
u2052,p1150,2020-11-27,false,true
u1565,p1151,2023-09-04,true,false
u32,p1152,2026-05-30,false,true
u440,p1153,2024-10-17,false,false
u194,p1154,2024-03-11,false,false
u1385,p1155,2022-02-21,false,true
u1978,p1156,2022-06-04,true,false
u1412,p1157,2024-03-20,true,true
u567,p1158,2025-11-18,true,false
u356,p1159,2020-05-24,true,true
u490,p1160,2026-05-05,false,true
u878,p1161,2022-04-11,false,false
u1873,p1162,2024-01-09,true,true
u1572,p1163,2024-12-18,true,false
u2105,p1164,2026-03-06,false,false
u1121,p1165,2026-07-08,true,false
u1999,p1166,2025-11-20,true,true
u2062,p1167,2021-07-30,true,true
u405,p1168,2026-11-12,false,false
u1627,p1169,2023-02-25,false,false
u2134,p1170,2022-10-18,true,false
u1547,p1171,2024-04-02,true,true
u2089,p1172,2021-11-08,true,false
u36,p1173,2024-06-22,false,false
u1867,p1174,2025-06-12,true,true
u2181,p1175,2023-07-03,true,false
u247,p1176,2025-01-19,false,true
u573,p1177,2022-05-19,false,true
u218,p1178,2022-11-27,false,true
u1585,p1179,2022-09-28,true,true
u359,p1180,2023-11-11,false,false
u291,p1181,2021-06-19,true,false
u372,p1182,2021-12-20,true,false
u1828,p1183,2022-02-14,true,false
u494,p1184,2026-06-21,false,true
u1701,p1185,2023-07-30,true,true
u2177,p1186,2023-09-18,true,true
u25,p1187,2022-01-11,true,true
u1327,p1188,2021-11-12,true,true
u1682,p1189,2020-10-13,true,false
u632,p1190,2020-09-09,true,false
u947,p1191,2023-08-22,false,true
u49,p1192,2026-12-16,true,false
u1308,p1193,2025-04-12,true,false
u772,p1194,2025-10-29,true,true
u1704,p1195,2023-10-17,false,false
u1714,p1196,2022-03-06,true,false
u1417,p1197,2023-03-26,true,false
u926,p1198,2024-11-04,true,false
u1340,p1199,2024-09-24,true,false
u1068,p1200,2020-02-04,false,true
u395,p1201,2025-01-18,false,true
u1788,p1202,2021-06-16,true,true
u929,p1203,2023-03-05,false,false
u438,p1204,2026-01-18,false,false
u1707,p1205,2020-10-31,false,true
u574,p1206,2025-01-27,false,true
u103,p1207,2024-12-23,false,false
u1827,p1208,2022-10-29,true,true
u407,p1209,2025-10-27,false,false
u1747,p1210,2024-04-28,false,true
u1410,p1211,2026-05-31,false,true
u1817,p1212,2020-12-24,true,false
u218,p1213,2026-03-02,false,false
u1567,p1214,2024-01-09,true,true
u1421,p1215,2024-04-11,true,true
u1219,p1216,2025-02-02,true,true
u768,p1217,2025-10-13,true,false
u980,p1218,2025-02-11,true,true
u1173,p1219,2023-07-22,true,false
u245,p1220,2026-08-20,false,true
u107,p1221,2025-02-06,false,true
u1882,p1222,2026-06-25,false,false
u593,p1223,2021-10-21,true,false
u2074,p1224,2020-02-06,false,false
u2022,p1225,2024-12-23,false,true
u2095,p1226,2026-06-26,true,true
u274,p1227,2024-06-21,true,false
u2057,p1228,2023-01-17,true,false
u988,p1229,2022-05-17,false,true
u387,p1230,2022-09-02,false,false
u1783,p1231,2024-01-30,false,true
u1906,p1232,2021-08-15,false,true
u2065,p1233,2022-11-13,true,false
u1900,p1234,2024-04-05,true,true
u2086,p1235,2020-05-30,true,false
u2000,p1236,2020-08-25,false,false
u285,p1237,2026-04-01,false,false
u1981,p1238,2020-12-25,false,false
u297,p1239,2025-10-26,true,false
u1720,p1240,2020-07-31,false,true
u619,p1241,2026-07-28,true,false
u819,p1242,2021-08-17,true,true
u685,p1243,2026-10-21,false,true
u299,p1244,2022-05-20,false,false
u618,p1245,2020-06-22,false,false
u1001,p1246,2026-01-13,false,false
u1977,p1247,2023-11-13,true,false
u1533,p1248,2022-05-09,false,false
u1873,p1249,2020-04-13,true,true
u1970,p1250,2023-05-20,true,false
u949,p1251,2026-02-08,true,false
u1307,p1252,2020-01-04,false,true
u56,p1253,2026-03-04,true,true
u1539,p1254,2020-05-31,true,false
u1758,p1255,2025-06-29,true,false
u310,p1256,2020-12-05,true,false
u214,p1257,2022-09-13,true,true
u1215,p1258,2025-09-02,true,true
u1542,p1259,2020-06-08,false,true
u1839,p1260,2023-01-01,false,false
u1839,p1261,2024-06-06,false,true
u1242,p1262,2020-03-13,true,true
u2034,p1263,2023-09-20,false,true
u2001,p1264,2024-12-10,false,false
u1850,p1265,2026-10-08,true,true
u1901,p1266,2020-08-01,true,true
u1044,p1267,2024-03-17,false,false
u1288,p1268,2025-06-05,false,true
u1007,p1269,2025-04-27,true,true
u822,p1270,2023-07-31,true,false
u125,p1271,2026-03-12,false,true
u1705,p1272,2023-07-07,true,true
u1915,p1273,2020-07-21,true,false
u1619,p1274,2020-10-06,true,false
u667,p1275,2023-03-25,true,true
u1753,p1276,2026-07-04,false,false
u984,p1277,2026-02-05,false,false
u1406,p1278,2023-05-03,true,false
u546,p1279,2023-02-14,false,false
u1416,p1280,2022-04-10,false,true
u138,p1281,2021-01-02,false,true
u687,p1282,2022-03-25,false,true
u1503,p1283,2026-06-03,false,false
u1317,p1284,2020-02-04,false,false
u104,p1285,2021-05-09,true,false
u1414,p1286,2023-10-11,false,false
u387,p1287,2020-11-30,false,true
u974,p1288,2023-08-19,false,false
u421,p1289,2026-02-05,true,true
u1703,p1290,2024-06-25,true,false
u1734,p1291,2025-06-03,false,true
u429,p1292,2022-02-08,false,true
u164,p1293,2026-01-10,false,true
u140,p1294,2020-04-09,false,true
u958,p1295,2025-07-16,true,true
u1728,p1296,2026-07-24,true,true
u2045,p1297,2025-11-29,false,true
u265,p1298,2026-06-19,true,false
u810,p1299,2020-01-28,true,false
u1353,p1300,2021-01-09,false,true
u127,p1301,2023-01-10,false,true
u416,p1302,2023-08-30,true,false
u1932,p1303,2020-05-10,true,true
u1353,p1304,2025-09-14,false,true
u1985,p1305,2020-08-28,true,true
u215,p1306,2023-12-10,false,false
u58,p1307,2021-03-20,false,true
u233,p1308,2023-08-23,true,false
u591,p1309,2022-07-10,true,false
u1417,p1310,2022-12-20,true,true
u1055,p1311,2026-10-31,true,true
u713,p1312,2020-12-09,true,false
u815,p1313,2020-01-30,true,false
u2110,p1314,2022-04-10,true,true
u893,p1315,2024-06-25,true,true
u553,p1316,2021-07-26,false,false
u60,p1317,2022-11-11,false,false
u1221,p1318,2025-07-26,true,true
u2103,p1319,2021-02-21,true,true
u1822,p1320,2026-03-28,true,false
u1717,p1321,2024-04-08,false,false
u1390,p1322,2022-04-24,true,false
u783,p1323,2022-09-19,false,false
u2098,p1324,2023-05-02,true,false
u161,p1325,2020-10-12,true,true
u815,p1326,2022-03-21,false,true
u838,p1327,2024-05-23,true,false
u1336,p1328,2020-04-08,false,true
u1281,p1329,2020-09-03,true,true
u1532,p1330,2021-02-03,true,false
u967,p1331,2025-05-14,false,false
u1847,p1332,2022-08-20,false,true
u1438,p1333,2022-09-14,true,true
u1095,p1334,2021-05-29,false,true
u691,p1335,2024-12-09,true,true
u525,p1336,2024-07-02,true,false
u552,p1337,2025-10-20,false,true
u532,p1338,2022-01-25,false,true
u66,p1339,2026-08-03,false,false
u332,p1340,2020-10-12,true,true
u971,p1341,2026-10-15,false,true
u1691,p1342,2023-12-12,false,false
u1467,p1343,2024-04-04,false,false
u2146,p1344,2021-01-09,false,true
u863,p1345,2020-06-03,true,true
u594,p1346,2026-04-16,false,false
u711,p1347,2021-11-13,true,true
u1197,p1348,2022-04-15,true,true
u382,p1349,2022-09-21,true,true
u251,p1350,2020-07-25,false,true
u1355,p1351,2024-03-17,true,true
u118,p1352,2021-06-12,true,true
u1385,p1353,2025-08-25,false,true
u108,p1354,2021-11-26,true,false
u1456,p1355,2021-09-19,true,true
u705,p1356,2023-08-26,false,false
u867,p1357,2020-12-09,false,true
u1782,p1358,2021-10-25,true,true
u1088,p1359,2022-09-17,false,false
u1235,p1360,2022-08-04,false,true
u28,p1361,2023-12-06,true,false
u1719,p1362,2021-06-25,false,false
u967,p1363,2020-02-28,true,false
u1564,p1364,2022-07-28,true,false
u561,p1365,2025-02-18,true,false
u1580,p1366,2025-06-12,false,true
u948,p1367,2026-06-26,true,false
u599,p1368,2020-02-02,true,false
u1484,p1369,2024-05-28,false,true
u1266,p1370,2022-10-13,true,false
u118,p1371,2021-02-20,true,false
u1264,p1372,2021-10-24,false,true
u827,p1373,2025-03-07,true,false
u767,p1374,2026-01-03,false,true
u2198,p1375,2025-12-23,false,false
u908,p1376,2025-08-17,true,true
u1374,p1377,2021-08-31,true,true
u209,p1378,2020-07-19,false,true
u1655,p1379,2022-12-29,false,true
u1506,p1380,2023-12-12,false,false
u1953,p1381,2020-05-09,true,true
u495,p1382,2025-10-21,false,true
u978,p1383,2026-11-18,false,true
u2116,p1384,2023-02-18,true,true
u1485,p1385,2026-12-05,false,true
u553,p1386,2020-10-10,false,true
u1743,p1387,2026-03-10,true,true
u1402,p1388,2024-05-14,true,false
u599,p1389,2021-08-08,false,false
u1772,p1390,2022-01-22,false,false
u1490,p1391,2024-08-12,true,false
u2011,p1392,2025-01-19,true,true
u1384,p1393,2023-11-11,true,false
u541,p1394,2025-03-04,false,false
u1865,p1395,2026-09-03,true,false
u175,p1396,2023-12-18,false,false
u1547,p1397,2021-02-07,false,true
u1291,p1398,2022-07-16,false,true
u1716,p1399,2025-08-11,false,false
u2041,p1400,2020-01-12,false,false
u1258,p1401,2020-01-20,true,true
u1579,p1402,2020-05-02,true,false
u223,p1403,2020-04-05,false,true
u440,p1404,2020-04-15,false,false
u2083,p1405,2020-08-05,true,true
u593,p1406,2024-01-01,false,true
u253,p1407,2026-01-30,true,false
u2150,p1408,2023-05-16,false,false
u1347,p1409,2022-12-09,true,true
u738,p1410,2023-02-09,true,true
u1684,p1411,2020-08-30,false,true
u1022,p1412,2026-03-28,true,true
u1941,p1413,2021-10-11,false,true
u317,p1414,2026-04-06,false,false
u1816,p1415,2025-10-19,true,true
u1665,p1416,2025-06-01,false,false
u1860,p1417,2024-08-14,false,false
u1627,p1418,2022-07-07,false,false
u2168,p1419,2023-12-02,false,false
u450,p1420,2020-11-25,false,true
u1156,p1421,2025-10-25,true,false
u74,p1422,2024-11-10,true,true
u1959,p1423,2026-01-09,false,false
u1821,p1424,2021-09-17,false,false
u867,p1425,2021-11-03,false,true
u959,p1426,2024-09-03,true,false
u910,p1427,2024-06-22,false,true
u1978,p1428,2024-05-23,true,true
u721,p1429,2026-01-15,true,true
u1972,p1430,2023-06-13,false,false
u743,p1431,2023-02-15,true,true
u585,p1432,2023-02-19,false,true
u528,p1433,2022-09-10,true,false
u343,p1434,2023-01-09,true,true
u1439,p1435,2025-11-02,true,false
u1045,p1436,2023-11-01,true,false
u897,p1437,2023-06-07,true,true
u1414,p1438,2020-09-06,true,false
u519,p1439,2020-05-26,false,true
u245,p1440,2022-03-02,false,true
u1473,p1441,2026-08-22,false,true
u768,p1442,2023-03-03,false,true
u2118,p1443,2022-10-08,false,true
u1812,p1444,2020-09-05,false,true
u1827,p1445,2025-05-29,true,false
u1960,p1446,2024-06-10,false,true
u948,p1447,2024-06-08,true,false
u190,p1448,2022-08-18,true,false
u709,p1449,2022-01-16,true,false
u284,p1450,2025-02-25,false,true
u326,p1451,2021-03-07,false,true
u147,p1452,2024-02-04,true,false
u1287,p1453,2026-12-21,false,true
u98,p1454,2021-01-22,true,false
u495,p1455,2025-05-25,true,true
u1181,p1456,2020-03-07,true,false
u141,p1457,2026-06-13,false,true
u372,p1458,2023-12-10,true,true
u378,p1459,2026-10-25,false,true
u1934,p1460,2025-11-11,false,true
u1413,p1461,2024-07-05,true,false
u1669,p1462,2022-09-13,false,false
u1116,p1463,2024-04-29,false,true
u1164,p1464,2023-08-20,false,false
u21,p1465,2024-08-25,true,false
u933,p1466,2024-04-30,false,false
u697,p1467,2026-04-07,true,false
u312,p1468,2020-10-28,true,false
u956,p1469,2023-12-07,false,true
u480,p1470,2022-08-10,true,true
u377,p1471,2021-08-02,false,true
u1789,p1472,2023-03-17,false,false
u1966,p1473,2025-12-04,true,true
u1143,p1474,2026-06-28,false,true
u74,p1475,2022-09-06,true,true
u924,p1476,2025-04-28,true,false
u290,p1477,2025-10-03,false,true
u658,p1478,2026-11-28,false,false
u1798,p1479,2020-08-02,false,false
u1157,p1480,2020-01-25,true,true
u1311,p1481,2025-05-24,false,false
u355,p1482,2023-04-06,true,false
u628,p1483,2024-05-23,true,true
u1409,p1484,2023-03-10,true,false
u880,p1485,2023-11-24,false,false
u156,p1486,2026-04-02,false,true
u1815,p1487,2023-06-12,false,false
u1188,p1488,2020-11-02,true,true
u1294,p1489,2026-01-24,true,true
u1439,p1490,2023-11-07,true,false
u934,p1491,2025-02-26,true,true
u2192,p1492,2020-08-29,false,true
u2028,p1493,2025-05-15,true,false
u855,p1494,2025-12-28,true,true
u42,p1495,2024-06-12,true,true
u10,p1496,2023-07-14,false,true
u1890,p1497,2024-07-08,true,false
u19,p1498,2022-12-12,false,false
u462,p1499,2024-11-11,true,false
u988,p1500,2022-07-12,true,true
u233,p1501,2026-09-24,true,true
u188,p1502,2026-12-19,true,true
u1142,p1503,2026-10-05,true,true
u1564,p1504,2026-03-22,false,true
u2095,p1505,2026-10-02,false,false
u790,p1506,2026-11-19,true,false
u1052,p1507,2024-05-20,true,false
u462,p1508,2020-02-27,false,true
u904,p1509,2022-08-16,true,true
u858,p1510,2026-03-13,true,true
u981,p1511,2024-03-11,true,false
u1297,p1512,2023-08-27,false,true
u1904,p1513,2020-06-01,false,true
u1298,p1514,2020-04-25,true,false
u621,p1515,2020-07-08,false,false
u1474,p1516,2024-12-12,false,false
u1994,p1517,2025-03-20,false,true
u777,p1518,2020-02-10,false,true
u2033,p1519,2021-06-20,true,true
u1604,p1520,2024-10-07,true,true
u1370,p1521,2024-10-16,false,false
u1799,p1522,2023-06-24,true,false
u1906,p1523,2020-03-15,false,true
u2024,p1524,2024-01-06,true,true
u891,p1525,2025-11-16,true,false
u229,p1526,2022-11-20,true,true
u361,p1527,2023-12-19,true,true
u1446,p1528,2020-01-26,true,false
u2182,p1529,2022-05-10,false,true
u1238,p1530,2026-01-28,false,false
u753,p1531,2023-09-15,false,false
u281,p1532,2023-02-02,true,false
u2132,p1533,2023-05-20,true,false
u1597,p1534,2020-04-25,true,true
u765,p1535,2024-01-10,false,true
u1574,p1536,2026-09-08,false,true
u1499,p1537,2021-09-04,false,false
u778,p1538,2024-10-17,true,false
u752,p1539,2023-09-05,true,false
u29,p1540,2020-10-09,true,false
u2087,p1541,2020-11-22,false,true
u763,p1542,2023-02-18,false,false
u2032,p1543,2023-06-26,true,false
u749,p1544,2023-07-14,false,true
u645,p1545,2021-09-30,false,false
u583,p1546,2026-07-21,true,true
u422,p1547,2020-07-20,false,true
u1563,p1548,2026-03-13,false,true
u403,p1549,2020-06-24,true,false
u917,p1550,2023-10-09,true,true
u828,p1551,2022-01-21,false,false
u93,p1552,2023-05-31,false,true
u1062,p1553,2025-09-18,true,true
u1143,p1554,2022-05-07,true,true
u1389,p1555,2026-11-21,false,false
u1334,p1556,2024-12-22,true,true
u2000,p1557,2022-12-31,true,false
u30,p1558,2026-02-04,false,false
u182,p1559,2021-07-09,false,true
u1534,p1560,2026-07-31,true,false
u973,p1561,2023-07-21,true,false
u1304,p1562,2024-07-26,true,false
u662,p1563,2020-02-29,false,true
u1012,p1564,2024-11-18,false,true
u1942,p1565,2022-03-04,false,true
u196,p1566,2021-01-29,false,true
u1932,p1567,2025-06-02,true,false
u1158,p1568,2026-01-30,true,true
u2177,p1569,2023-05-17,false,false
u2186,p1570,2026-07-02,true,false
u614,p1571,2026-06-10,true,false
u1185,p1572,2020-07-24,true,true
u687,p1573,2023-11-02,false,false
u2091,p1574,2021-09-16,false,false
u815,p1575,2021-03-24,true,true
u734,p1576,2021-10-03,true,true
u1854,p1577,2022-10-04,false,false
u172,p1578,2024-02-05,true,true
u1035,p1579,2020-01-01,true,false
u1138,p1580,2025-02-27,false,true
u1705,p1581,2020-05-08,true,true
u2045,p1582,2020-10-09,false,false
u2071,p1583,2023-08-01,true,true
u535,p1584,2020-10-12,false,false
u1321,p1585,2022-12-01,true,true
u710,p1586,2021-11-14,true,false
u274,p1587,2023-12-16,true,false
u121,p1588,2020-11-22,true,false
u1975,p1589,2026-10-01,false,false
u85,p1590,2023-05-09,false,true
u46,p1591,2024-06-27,true,true
u1320,p1592,2020-06-29,true,false
u2021,p1593,2023-09-26,true,false
u1154,p1594,2026-02-16,true,true
u815,p1595,2026-04-24,true,false
u70,p1596,2023-06-16,false,false
u73,p1597,2025-03-15,true,false
u1774,p1598,2020-07-28,false,false
u1557,p1599,2023-08-08,true,false
u842,p1600,2026-06-23,true,true
u391,p1601,2021-10-15,false,true
u570,p1602,2020-12-16,false,true
u450,p1603,2024-11-03,true,false
u1043,p1604,2023-01-05,false,true
u1621,p1605,2026-10-27,false,true
u881,p1606,2025-06-23,true,true
u1071,p1607,2020-05-01,false,false
u2133,p1608,2023-08-16,true,true
u1301,p1609,2020-06-30,true,false
u1193,p1610,2022-09-18,true,true
u414,p1611,2024-04-05,false,false
u1290,p1612,2026-08-20,false,true
u1680,p1613,2021-07-05,true,false
u537,p1614,2025-07-19,false,false
u243,p1615,2025-01-13,true,false
u248,p1616,2026-09-03,true,true
u899,p1617,2020-03-29,true,true
u1710,p1618,2026-02-18,true,true
u54,p1619,2023-08-08,true,false
u1379,p1620,2021-10-24,true,true
u1025,p1621,2026-06-04,false,false
u1830,p1622,2023-07-29,true,true
u593,p1623,2024-03-25,false,true
u132,p1624,2022-05-09,true,true
u487,p1625,2025-11-18,false,true
u30,p1626,2023-08-01,true,true
u1523,p1627,2023-07-30,true,true
u192,p1628,2026-04-28,false,true
u1217,p1629,2022-01-07,false,false
u2040,p1630,2025-07-05,true,false
u83,p1631,2022-06-14,false,false
u1547,p1632,2021-12-15,true,false
u1471,p1633,2023-09-15,true,false
u1048,p1634,2021-09-19,true,false
u421,p1635,2026-07-20,false,false
u1455,p1636,2026-05-12,false,true
u62,p1637,2022-10-24,false,false
u201,p1638,2024-11-15,false,false
u2035,p1639,2025-11-24,true,true
u1231,p1640,2020-08-17,false,false
u1651,p1641,2020-10-29,true,false
u235,p1642,2020-02-24,false,false
u51,p1643,2020-02-24,false,true
u161,p1644,2021-09-18,true,true
u470,p1645,2024-03-10,false,false
u1903,p1646,2025-03-06,false,true
u471,p1647,2024-08-09,true,false
u644,p1648,2022-11-17,false,false
u1455,p1649,2020-04-28,false,false
u1323,p1650,2023-06-09,false,true
u1296,p1651,2024-03-01,true,false
u2011,p1652,2024-01-25,true,false
u546,p1653,2023-07-31,true,false
u1211,p1654,2021-08-17,true,true
u661,p1655,2020-01-06,true,false
u874,p1656,2024-08-20,true,true
u434,p1657,2023-05-21,false,true
u991,p1658,2021-12-25,true,true
u447,p1659,2023-03-26,true,true
u1081,p1660,2021-02-15,false,true
u1343,p1661,2022-06-18,false,true
u61,p1662,2025-06-03,true,false
u1681,p1663,2024-10-31,true,true
u998,p1664,2023-09-15,true,false
u208,p1665,2022-05-03,true,true
u397,p1666,2022-10-09,true,false
u145,p1667,2023-12-28,false,true
u215,p1668,2025-01-19,true,true
u291,p1669,2024-01-19,false,false
u1689,p1670,2021-12-18,true,false
u1470,p1671,2025-12-18,true,false
u959,p1672,2020-04-17,true,false
u317,p1673,2025-08-25,true,true
u140,p1674,2022-05-31,false,false
u645,p1675,2024-06-17,true,false
u31,p1676,2023-12-22,false,false
u1465,p1677,2024-03-05,true,false
u1646,p1678,2026-12-22,true,true
u767,p1679,2026-10-30,true,true
u667,p1680,2025-09-07,true,true
u346,p1681,2025-04-02,false,true
u328,p1682,2026-06-14,true,false
u1896,p1683,2021-04-18,false,false
u1656,p1684,2025-07-25,false,false
u1625,p1685,2024-11-24,true,true
u328,p1686,2025-01-19,false,false
u1057,p1687,2023-06-26,true,false
u1546,p1688,2024-01-14,false,false
u877,p1689,2025-05-25,false,true
u1200,p1690,2025-12-22,true,true
u595,p1691,2026-01-15,true,true
u388,p1692,2022-01-11,false,false
u2056,p1693,2023-01-22,false,false
u1832,p1694,2022-02-14,false,true
u1599,p1695,2022-12-15,true,false
u442,p1696,2023-06-01,true,true
u440,p1697,2020-06-19,false,false
u1522,p1698,2021-08-09,false,false
u226,p1699,2022-12-10,false,false
