publicacion_id,usuario_id,fecha,tipo,confirmada
p1460,u1938,2022-03-10,etiqueta,false
p216,u395,2022-12-13,etiqueta,true
p1144,u1588,2026-03-25,autor,true
p901,u242,2026-01-17,etiqueta,false
p1347,u303,2025-12-10,autor,true
p967,u1837,2023-12-31,autor,false
p553,u1615,2025-04-05,autor,true
p943,u1736,2025-07-26,etiqueta,false
p1234,u71,2024-09-20,colaborador,false
p760,u1697,2022-06-22,autor,true
p34,u208,2022-10-19,colaborador,true
p486,u280,2022-10-19,autor,true
p1120,u336,2023-04-18,autor,true
p1270,u13,2025-07-30,etiqueta,true
p1049,u84,2024-05-12,colaborador,true
p178,u49,2022-02-20,autor,true
p147,u947,2022-04-20,colaborador,false
p1189,u74,2023-01-02,colaborador,false
p65,u1109,2023-10-18,etiqueta,true
p1003,u392,2021-03-09,etiqueta,false
p749,u1935,2021-01-08,colaborador,true
p996,u1416,2024-06-06,colaborador,false
p1193,u1393,2024-08-17,etiqueta,false
p149,u535,2022-09-03,etiqueta,true
p313,u1367,2021-07-20,autor,false
p487,u148,2025-03-17,etiqueta,false
p1453,u1450,2024-06-25,colaborador,true
p968,u894,2024-05-09,autor,true
p489,u607,2024-06-17,etiqueta,true
p569,u838,2024-10-25,autor,true
p712,u1110,2020-02-24,autor,false
p1270,u1018,2023-08-23,autor,true
p1239,u1468,2020-12-15,colaborador,true
p435,u1848,2026-04-07,colaborador,true
p799,u1530,2025-07-02,etiqueta,true
p909,u838,2024-08-09,colaborador,false
p212,u645,2025-05-01,autor,false
p1216,u1216,2022-07-14,autor,true
p1410,u1222,2023-09-02,etiqueta,true
p336,u1277,2021-07-07,etiqueta,true
p1401,u478,2020-11-03,autor,true
p1195,u1891,2021-08-06,colaborador,false
p562,u968,2026-10-21,autor,true
p1414,u1020,2024-09-16,etiqueta,false
p1040,u303,2022-07-01,colaborador,false
p858,u1758,2022-08-12,autor,false
p171,u268,2022-05-30,autor,false
p943,u7,2026-04-11,etiqueta,true
p443,u355,2021-07-12,colaborador,true
p699,u953,2023-04-10,etiqueta,false
p1495,u1898,2024-08-16,colaborador,true
p1042,u1040,2024-02-11,etiqueta,false
p384,u104,2023-03-30,colaborador,true
p351,u970,2025-03-15,colaborador,false
p183,u1638,2022-07-25,autor,false
p62,u1811,2021-09-20,colaborador,false
p316,u1582,2024-09-19,etiqueta,false
p145,u1826,2021-04-25,etiqueta,true
p1410,u1511,2025-11-25,colaborador,false
p1499,u511,2020-04-06,colaborador,true
p926,u65,2022-07-08,autor,false
p1102,u850,2024-10-07,colaborador,true
p895,u1584,2023-06-01,colaborador,true
p57,u494,2024-02-14,colaborador,true
p45,u402,2024-04-11,etiqueta,true
p880,u347,2020-08-27,autor,true
p1190,u341,2023-08-19,autor,true
p753,u968,2022-03-19,colaborador,true
p103,u1243,2020-01-28,etiqueta,true
p1233,u44,2020-02-12,autor,true
p1323,u1050,2024-04-28,etiqueta,false
p594,u1156,2023-09-09,etiqueta,false
p141,u593,2020-07-05,autor,false
p1383,u245,2024-01-25,autor,true
p620,u1167,2020-05-08,autor,false
p784,u450,2025-08-29,colaborador,true
p526,u1356,2026-08-29,colaborador,false
p1392,u1053,2023-04-06,etiqueta,true
p552,u504,2024-10-04,colaborador,true
p11,u10,2026-03-30,autor,true
p909,u158,2024-05-26,colaborador,false
p667,u293,2025-04-15,etiqueta,false
p216,u492,2024-09-13,colaborador,true
p432,u956,2021-05-16,etiqueta,false
p341,u1296,2026-01-05,etiqueta,false
p297,u323,2020-09-10,colaborador,true
p598,u902,2020-07-22,colaborador,true
p751,u1859,2025-10-05,colaborador,true
p512,u1672,2025-12-28,colaborador,false
p588,u135,2022-06-22,etiqueta,true
p52,u1945,2026-03-21,colaborador,true
p936,u127,2026-06-02,colaborador,true
p1110,u1436,2020-07-15,etiqueta,true
p952,u1099,2025-08-28,etiqueta,true
p564,u1695,2021-10-20,etiqueta,true
p990,u1306,2020-10-07,colaborador,false
p30,u1021,2024-01-20,autor,false
p20,u28,2023-07-23,autor,false
p1416,u1900,2026-08-03,autor,false
p853,u800,2026-01-08,colaborador,true
p356,u206,2026-01-22,etiqueta,false
p890,u646,2022-08-23,etiqueta,true
p1313,u651,2025-06-05,etiqueta,false
p535,u208,2026-05-17,colaborador,true
p132,u1446,2020-12-05,etiqueta,true
p561,u1318,2020-11-02,etiqueta,true
p992,u791,2021-12-01,autor,false
p896,u880,2023-02-20,colaborador,true
p161,u32,2026-09-14,colaborador,true
p430,u435,2022-02-22,etiqueta,true
p1327,u596,2022-06-16,etiqueta,true
p908,u1238,2024-05-29,colaborador,false
p529,u1991,2026-03-20,autor,true
p265,u554,2022-03-22,etiqueta,true
p344,u239,2024-09-19,etiqueta,false
p823,u331,2026-08-13,colaborador,false
p372,u735,2024-05-18,colaborador,true
p1324,u1611,2026-06-26,etiqueta,false
p73,u18,2023-10-13,colaborador,true
p999,u904,2026-04-05,autor,false
p420,u12,2022-03-14,autor,false
p1414,u272,2022-07-26,etiqueta,false
p1136,u1815,2022-04-21,etiqueta,true
p275,u1582,2022-10-30,etiqueta,true
p1100,u1077,2026-04-06,autor,false
p280,u492,2026-09-20,autor,true
p1272,u73,2021-06-03,autor,true
p1072,u45,2025-06-29,colaborador,false
p780,u464,2024-03-08,autor,true
p704,u392,2026-06-02,autor,true
p706,u1737,2021-05-30,autor,true
p251,u1700,2020-10-06,colaborador,true
p757,u787,2022-01-14,colaborador,true
p377,u323,2022-01-16,etiqueta,true
p1297,u445,2026-05-28,colaborador,true
p148,u1171,2020-11-18,colaborador,false
p339,u578,2024-06-05,autor,false
p295,u567,2020-02-11,colaborador,false
p1101,u412,2023-11-16,etiqueta,false
p967,u191,2025-11-26,autor,true
p1454,u1002,2022-01-30,colaborador,true
p143,u542,2020-11-09,etiqueta,false
p630,u1839,2026-08-01,autor,false
p664,u1258,2025-01-14,colaborador,false
p885,u1117,2021-08-25,colaborador,true
p17,u214,2021-08-04,colaborador,false
p266,u1848,2021-02-06,colaborador,true
p577,u566,2025-12-10,etiqueta,true
p1218,u1949,2022-01-28,etiqueta,true
p958,u911,2024-01-27,colaborador,false
p745,u1595,2025-04-25,etiqueta,false
p621,u1570,2026-09-24,colaborador,true
p210,u830,2025-03-03,autor,true
p466,u1537,2026-06-02,autor,true
p1038,u37,2021-01-07,colaborador,true
p1008,u1237,2023-07-18,etiqueta,true
p543,u1606,2020-09-08,etiqueta,false
p714,u922,2022-09-29,etiqueta,false
p153,u503,2021-01-21,autor,false
p810,u859,2022-04-09,colaborador,false
p758,u728,2020-03-22,etiqueta,false
p1270,u1959,2023-06-23,colaborador,true
p335,u1112,2026-02-28,etiqueta,false
p126,u918,2023-10-25,etiqueta,true
p1479,u250,2022-01-17,autor,false
p262,u1827,2026-02-08,autor,false
p64,u626,2023-07-12,autor,true
p958,u173,2026-01-14,colaborador,true
p133,u1236,2020-04-25,colaborador,true
p188,u1512,2021-01-06,colaborador,false
p548,u495,2020-09-27,etiqueta,true
p70,u656,2020-12-18,colaborador,true
p192,u1151,2026-02-21,etiqueta,false
p207,u1422,2023-08-08,colaborador,true
p8,u1834,2024-05-02,autor,false
p885,u1333,2025-06-17,etiqueta,true
p1000,u351,2026-08-13,autor,true
p330,u402,2025-02-25,etiqueta,false
p1054,u34,2021-03-13,autor,true
p569,u1642,2025-09-06,colaborador,true
p740,u1602,2023-10-01,colaborador,true
p1065,u1358,2020-05-06,autor,false
p132,u1474,2024-09-03,colaborador,false
p452,u1668,2021-04-05,colaborador,true
p244,u205,2023-05-17,etiqueta,true
p1238,u1856,2021-11-17,etiqueta,true
p1401,u1690,2025-11-13,autor,false
p3,u33,2023-04-17,colaborador,false
p1448,u265,2021-02-05,autor,true
p998,u379,2024-01-02,colaborador,true
p871,u1897,2022-01-30,autor,true
p588,u670,2022-05-02,colaborador,true
p1244,u1324,2023-07-07,etiqueta,true
p595,u865,2026-01-06,colaborador,false
p680,u570,2023-11-18,etiqueta,true
p40,u1614,2025-07-30,autor,false
p517,u626,2026-10-31,etiqueta,true
p294,u687,2021-05-10,colaborador,true
p877,u528,2021-07-01,colaborador,false
p14,u394,2020-06-27,colaborador,true
p1340,u535,2026-11-18,etiqueta,false
p10,u1412,2020-08-12,etiqueta,true
p185,u1014,2024-07-08,etiqueta,false
p808,u934,2026-10-31,colaborador,true
p945,u590,2022-12-22,autor,true
p1273,u332,2024-02-07,autor,true
p878,u1133,2026-03-09,colaborador,false
p1050,u69,2023-11-14,colaborador,false
p1127,u1763,2020-06-01,autor,false
p622,u1358,2022-02-07,etiqueta,false
p1138,u334,2023-12-21,autor,true
p97,u1876,2023-06-27,autor,true
p807,u1352,2026-06-23,autor,false
p1318,u713,2023-01-19,etiqueta,false
p1480,u1740,2026-02-09,colaborador,true
p343,u329,2025-09-16,etiqueta,true
p171,u1534,2026-04-15,colaborador,false
p1196,u1744,2022-05-12,autor,false
p770,u439,2022-05-04,autor,true
p820,u723,2021-04-22,colaborador,false
p1086,u916,2021-01-07,etiqueta,false
p1225,u1295,2023-02-13,autor,true
p1425,u1448,2024-09-23,colaborador,false
p861,u353,2021-04-06,autor,true
p501,u878,2025-03-27,etiqueta,false
p702,u1052,2025-06-16,etiqueta,true
p724,u752,2025-06-18,etiqueta,false
p963,u931,2026-03-10,autor,true
p1438,u1640,2020-09-26,colaborador,true
p593,u136,2025-08-15,colaborador,false
p641,u357,2025-03-29,etiqueta,true
p702,u1161,2020-05-29,etiqueta,false
p983,u1673,2026-10-23,autor,true
p632,u907,2025-11-22,etiqueta,true
p93,u1762,2021-02-11,colaborador,false
p463,u624,2025-01-10,etiqueta,false
p774,u468,2021-02-21,etiqueta,true
p1386,u1142,2022-03-30,etiqueta,false
p194,u932,2022-11-27,etiqueta,false
p576,u802,2021-10-16,colaborador,false
p446,u433,2023-03-30,etiqueta,false
p473,u745,2022-07-14,autor,true
p842,u181,2024-06-30,colaborador,true
p381,u254,2021-02-04,autor,true
p255,u1457,2020-08-04,colaborador,true
p402,u11,2021-09-22,autor,false
p416,u1801,2022-01-29,colaborador,false
p202,u631,2026-07-14,autor,true
p1292,u1523,2026-06-22,autor,false
p954,u1301,2023-05-23,etiqueta,false
p1149,u191,2020-04-11,etiqueta,true
p79,u890,2026-06-11,colaborador,true
p675,u64,2024-10-25,autor,true
p345,u761,2023-07-11,etiqueta,false
p560,u747,2021-05-02,etiqueta,false
p353,u627,2026-08-06,colaborador,true
p498,u1037,2023-06-22,autor,false
p475,u962,2025-08-14,etiqueta,false
p695,u1835,2026-07-29,autor,false
p323,u1274,2025-06-16,colaborador,true
p1438,u961,2020-08-05,colaborador,false
p761,u1752,2020-06-20,etiqueta,true
p108,u198,2025-05-26,autor,false
p654,u1983,2023-04-12,etiqueta,false
p1159,u406,2026-04-28,etiqueta,true
p813,u712,2023-06-13,etiqueta,false
p347,u1909,2024-09-09,autor,false
p1150,u373,2023-03-21,autor,true
p204,u1277,2025-12-31,etiqueta,false
p363,u1161,2023-10-02,colaborador,true
p135,u998,2022-02-26,autor,true
p1136,u389,2022-12-24,autor,false
p301,u1777,2021-04-27,autor,true
p213,u66,2023-07-03,autor,true
p776,u500,2023-01-03,autor,false
p1217,u303,2024-08-06,autor,true
p1302,u938,2023-02-16,colaborador,false
p1325,u615,2024-04-30,colaborador,true
p825,u1290,2024-07-01,autor,true
p1063,u1883,2026-04-27,etiqueta,false
p424,u776,2022-06-05,etiqueta,false
p380,u761,2023-09-20,etiqueta,true
p1147,u1758,2023-08-25,colaborador,false
p1079,u1808,2022-11-30,etiqueta,false
p430,u706,2023-01-10,colaborador,true
p501,u1026,2023-12-21,colaborador,true
p1091,u772,2025-12-16,autor,false
p378,u1976,2026-02-15,autor,true
p860,u1373,2020-11-29,etiqueta,false
p320,u1731,2020-08-02,colaborador,true
p108,u459,2023-11-27,colaborador,true
p584,u1339,2024-04-13,autor,false
p544,u1294,2021-02-26,autor,true
p964,u1830,2023-03-26,autor,true
p49,u822,2022-12-08,colaborador,false
p647,u533,2026-05-02,autor,false
p1495,u1562,2023-04-20,autor,false
p421,u1999,2020-10-15,colaborador,false
p193,u195,2021-07-27,autor,true
p698,u307,2020-09-28,autor,true
p1492,u33,2023-03-16,etiqueta,false
p42,u1285,2023-03-12,autor,false
p1165,u288,2021-10-29,colaborador,false
p603,u997,2025-03-29,etiqueta,true
p907,u596,2026-02-26,colaborador,true
p336,u1004,2023-06-15,autor,true
p1123,u1951,2022-01-15,autor,false
p1208,u1094,2025-09-24,etiqueta,false
p210,u1002,2026-12-30,etiqueta,false
p1264,u1535,2021-08-21,etiqueta,true
p892,u1764,2025-12-06,etiqueta,false
p736,u1777,2025-05-02,autor,false
p982,u242,2020-08-18,colaborador,false
p49,u11,2022-12-04,colaborador,false
p1347,u1366,2026-11-29,autor,true
p872,u919,2026-06-20,etiqueta,false
p789,u480,2024-10-09,colaborador,false
p1354,u1715,2021-06-19,autor,false
p1399,u1691,2023-09-14,autor,true
p1383,u238,2022-03-27,autor,true
p340,u786,2020-05-12,colaborador,true
p1451,u1869,2021-09-17,colaborador,false
p1073,u1944,2022-03-01,etiqueta,false
p415,u424,2023-07-14,etiqueta,false
p1356,u110,2026-07-20,colaborador,true
p1491,u783,2026-06-20,etiqueta,true
p662,u45,2025-02-22,autor,true
p908,u824,2020-12-24,autor,false
p604,u772,2023-12-05,etiqueta,false
p612,u742,2024-10-14,etiqueta,true
p832,u583,2022-01-15,autor,false
p555,u688,2021-12-31,autor,false
p241,u1626,2021-11-03,colaborador,false
p372,u1747,2022-07-28,etiqueta,false
p1211,u1136,2024-06-19,autor,false
p1483,u1644,2025-02-16,etiqueta,false
p798,u1033,2023-01-21,etiqueta,true
p1095,u703,2020-04-23,colaborador,false
p440,u1461,2026-07-30,autor,false
p862,u182,2022-02-22,etiqueta,true
p978,u46,2024-09-17,colaborador,false
p1202,u382,2023-08-21,etiqueta,true
p1316,u771,2025-03-26,autor,false
p1217,u1557,2023-04-02,autor,true
p593,u786,2021-01-20,colaborador,false
p143,u1496,2025-04-09,autor,false
p298,u77,2022-02-09,etiqueta,true
p1352,u975,2026-11-04,autor,true
p1227,u518,2022-09-02,etiqueta,true
p312,u1165,2026-08-02,colaborador,true
p810,u1176,2026-11-03,autor,true
p572,u328,2020-07-13,etiqueta,true
p363,u1276,2025-06-06,etiqueta,false
p560,u1784,2023-09-08,colaborador,false
p113,u1336,2020-10-13,etiqueta,false
p1117,u198,2024-08-17,colaborador,true
p706,u1504,2024-10-22,colaborador,false
p102,u845,2024-04-17,autor,true
p1359,u746,2021-03-29,colaborador,false
p950,u1470,2024-04-12,etiqueta,true
p1038,u1287,2020-04-02,autor,false
p1430,u1360,2026-07-26,colaborador,true
p389,u801,2026-02-20,etiqueta,false
p462,u1108,2021-12-10,etiqueta,true
p942,u1843,2023-11-16,autor,true
p247,u262,2021-11-13,autor,true
p1151,u1825,2024-10-09,etiqueta,false
p42,u577,2024-05-18,autor,false
p153,u1623,2020-08-01,autor,true
p206,u1554,2023-10-09,autor,true
p340,u23,2022-05-05,colaborador,true
p1348,u771,2021-01-31,autor,false
p1103,u1328,2025-10-09,etiqueta,true
p665,u1986,2025-01-12,autor,true
p1091,u1238,2026-04-12,colaborador,true
p36,u601,2020-09-05,colaborador,true
p1471,u1257,2026-10-05,colaborador,false
p1061,u923,2024-07-09,colaborador,true
p528,u1185,2023-09-30,etiqueta,true
p1241,u1031,2024-10-23,etiqueta,true
p389,u438,2025-03-05,etiqueta,true
p666,u822,2025-02-14,etiqueta,false
p1285,u1270,2022-02-26,etiqueta,false
p378,u8,2026-08-18,autor,false
p1044,u151,2023-12-04,colaborador,true
p1410,u1325,2023-11-24,etiqueta,true
p87,u563,2025-10-05,colaborador,true
p213,u1609,2025-02-01,colaborador,false
p48,u1450,2024-03-02,autor,true
p859,u1940,2022-03-10,colaborador,true
p187,u1792,2025-08-19,etiqueta,true
p30,u1788,2021-11-18,autor,false
p613,u960,2025-11-22,etiqueta,false
p57,u372,2023-01-11,autor,false
p830,u1255,2025-11-14,autor,false
p352,u938,2025-07-15,autor,true
p679,u324,2020-01-13,etiqueta,false
p1025,u1611,2025-08-27,colaborador,true
p480,u499,2026-06-03,etiqueta,false
p1189,u532,2026-08-22,autor,false
p805,u1230,2021-09-04,etiqueta,false
p638,u470,2020-04-15,colaborador,false
p743,u1946,2022-02-08,colaborador,true
p785,u930,2024-02-02,colaborador,false
p1181,u1147,2024-09-22,etiqueta,true
p413,u156,2025-12-07,etiqueta,true
p173,u629,2022-01-19,autor,false
p194,u1690,2020-09-08,autor,false
p960,u105,2025-08-19,colaborador,false
p607,u69,2021-01-17,colaborador,true
p1151,u1238,2023-06-15,autor,true
p759,u593,2023-04-11,autor,true
p713,u1691,2020-01-01,autor,false
p514,u488,2023-07-18,etiqueta,true
p1112,u1541,2022-01-20,autor,false
p150,u304,2020-01-16,colaborador,false
p348,u758,2024-04-15,colaborador,false
p818,u507,2025-10-08,etiqueta,true
p911,u1773,2026-03-21,autor,true
p369,u1309,2022-09-01,autor,true
p1105,u835,2023-04-17,etiqueta,true
p547,u815,2023-11-17,autor,true
p1390,u1198,2023-12-09,autor,true
p16,u486,2021-09-28,colaborador,false
p850,u1091,2026-06-07,autor,true
p747,u1756,2024-10-13,etiqueta,true
p1115,u1654,2025-12-06,colaborador,false
p1226,u535,2021-01-04,etiqueta,true
p1479,u344,2026-08-02,etiqueta,false
p485,u264,2020-07-29,etiqueta,false
p2,u640,2024-06-22,autor,false
p1399,u858,2021-07-28,autor,true
p961,u1992,2026-06-10,colaborador,false
p78,u1838,2026-08-06,autor,true
p543,u407,2025-12-29,colaborador,true
p1388,u1510,2021-07-02,autor,true
p1429,u775,2024-03-13,etiqueta,true
p1245,u952,2021-11-30,colaborador,false
p1299,u104,2025-07-18,autor,true
p363,u849,2026-09-28,autor,false
p818,u1230,2024-01-10,autor,true
p1431,u1282,2026-01-13,autor,true
p554,u1024,2025-05-17,autor,true
p1319,u1725,2025-02-24,colaborador,true
p1130,u709,2025-04-06,etiqueta,false
p413,u1884,2023-09-20,colaborador,false
p404,u1932,2026-11-27,colaborador,false
p463,u1502,2023-11-18,autor,false
p108,u1790,2024-03-18,autor,true
p1436,u838,2024-03-05,autor,false
p1230,u1903,2021-08-21,etiqueta,false
p126,u1956,2026-03-18,etiqueta,true
p1413,u753,2025-06-30,etiqueta,true
p648,u178,2022-11-08,autor,false
p529,u1652,2026-05-30,etiqueta,false
p125,u1087,2020-10-21,autor,true
p1149,u574,2021-01-29,colaborador,true
p548,u1278,2024-08-02,etiqueta,true
p942,u27,2026-05-09,autor,true
p215,u1449,2025-04-10,colaborador,false
p472,u1071,2021-12-17,etiqueta,true
p509,u1433,2023-12-10,autor,false
p637,u33,2025-08-22,colaborador,false
p1156,u1734,2021-08-11,autor,false
p1313,u1795,2026-06-15,autor,true
p98,u1734,2024-09-26,colaborador,false
p937,u1088,2024-04-26,etiqueta,true
p489,u312,2024-07-17,autor,false
p65,u1376,2022-11-22,autor,true
p1384,u840,2022-01-22,colaborador,true
p344,u833,2026-08-08,etiqueta,false
p1027,u1377,2022-09-16,colaborador,false
p1470,u1125,2023-08-07,autor,true
p952,u1030,2021-04-22,etiqueta,true
p13,u374,2024-07-21,colaborador,false
p1176,u1985,2023-04-03,etiqueta,true
p487,u1205,2025-06-15,colaborador,false
p395,u1808,2025-12-25,etiqueta,true
p630,u873,2020-07-15,etiqueta,true
p559,u1820,2022-12-13,etiqueta,false
p1098,u177,2026-07-07,etiqueta,true
p789,u1337,2023-10-08,autor,true
p1188,u580,2021-06-06,autor,true
p37,u315,2024-01-22,colaborador,false
p344,u1512,2021-08-18,autor,true
p174,u321,2023-01-09,etiqueta,false
p520,u1568,2022-06-21,etiqueta,true
p1248,u1869,2024-12-28,colaborador,true
p1344,u156,2023-10-18,etiqueta,false
p969,u1612,2021-05-09,autor,true
p1469,u310,2022-10-03,autor,false
p1389,u817,2021-09-18,autor,false
p1210,u975,2020-07-11,autor,false
p270,u1891,2020-03-28,colaborador,false
p494,u24,2024-08-11,etiqueta,true
p1007,u338,2025-01-31,autor,true
p395,u585,2021-04-26,autor,true
p463,u1626,2021-07-07,autor,false
p1020,u1945,2022-09-08,autor,true
p649,u1964,2023-07-21,etiqueta,false
p147,u1149,2025-04-15,autor,false
p495,u399,2025-11-21,colaborador,true
p1152,u828,2020-09-06,colaborador,true
p1139,u1192,2021-03-09,etiqueta,false
p1353,u1835,2020-02-18,autor,true
p769,u161,2026-11-27,autor,true
p748,u1833,2022-09-23,autor,false
p1380,u936,2025-08-19,colaborador,true
p879,u1294,2022-01-31,autor,true
p90,u188,2024-01-16,autor,false
p684,u741,2022-07-17,autor,false
p293,u577,2025-05-29,colaborador,false
p1380,u1987,2024-05-19,colaborador,false
p1358,u1901,2023-01-15,autor,false
p437,u1263,2020-07-07,etiqueta,true
p763,u61,2020-03-21,autor,false
p899,u254,2023-06-26,autor,true
p413,u1636,2023-07-09,colaborador,false
p1157,u1193,2022-11-08,etiqueta,true
p880,u1142,2020-03-02,colaborador,true
p1261,u308,2025-10-13,colaborador,true
p1023,u1571,2022-05-20,colaborador,true
p831,u1777,2026-11-07,colaborador,false
p402,u362,2021-04-29,autor,false
p734,u502,2025-09-16,autor,false
p1343,u1171,2022-02-01,etiqueta,true
p696,u230,2025-10-12,colaborador,false
p427,u1545,2023-02-26,etiqueta,false
p749,u1739,2022-11-15,colaborador,false
p96,u516,2021-03-16,etiqueta,false
p929,u379,2026-10-25,etiqueta,true
p553,u1904,2020-04-11,etiqueta,false
p77,u915,2026-05-24,colaborador,false
p1287,u356,2020-02-17,colaborador,true
p934,u750,2024-02-07,etiqueta,true
p539,u1358,2025-05-07,colaborador,true
p1195,u1678,2024-10-19,autor,true
p1079,u770,2021-12-17,autor,false
p704,u1937,2026-09-07,colaborador,true
p899,u1357,2026-03-29,autor,true
p772,u1428,2024-05-18,colaborador,false
p332,u691,2023-11-04,etiqueta,true
p1248,u377,2021-04-18,autor,true
p136,u123,2020-05-24,autor,false
p19,u474,2020-09-09,colaborador,true
p614,u860,2024-06-30,autor,true
p1106,u626,2023-09-14,colaborador,false
p406,u187,2025-04-05,etiqueta,true
p992,u635,2023-10-27,colaborador,true
p321,u563,2020-10-10,etiqueta,false
p12,u619,2025-01-18,etiqueta,false
p90,u524,2024-05-15,autor,true
p1218,u483,2021-01-22,colaborador,true
p577,u1779,2026-06-25,autor,false
p731,u4,2024-09-08,colaborador,true
p289,u1568,2022-11-27,etiqueta,true
p1107,u536,2022-06-17,etiqueta,false
p857,u663,2020-08-13,autor,false
p587,u658,2025-07-12,autor,true
p1287,u783,2024-07-20,colaborador,true
p240,u942,2020-04-04,etiqueta,false
p484,u247,2026-10-28,etiqueta,false
p1156,u1892,2026-06-26,autor,false
p7,u1634,2023-08-03,etiqueta,false
p61,u1776,2020-07-14,colaborador,true
p670,u394,2022-07-18,autor,true
p416,u1118,2022-05-05,colaborador,true
p832,u1485,2020-01-26,etiqueta,true
p342,u714,2020-07-20,autor,false
p1,u844,2024-01-14,etiqueta,false
p941,u954,2025-08-11,autor,false
p123,u1041,2022-11-04,autor,false
p1093,u526,2025-03-03,autor,false
p179,u1500,2026-03-25,autor,true
p1024,u1748,2020-08-03,autor,false
p1051,u89,2024-06-19,colaborador,true
p1019,u89,2022-05-11,colaborador,true
p368,u1942,2025-08-21,colaborador,false
p237,u761,2021-07-18,colaborador,true
p323,u1980,2021-07-19,autor,true
p491,u646,2021-02-18,autor,false
p9,u170,2024-03-06,colaborador,true
p607,u610,2024-10-08,colaborador,true
p907,u488,2022-12-09,autor,false
p47,u1977,2021-07-22,autor,true
p1444,u703,2020-05-07,colaborador,true
p1184,u1368,2023-10-23,colaborador,false
p389,u36,2026-06-24,colaborador,false
p673,u142,2020-10-14,colaborador,true
p20,u1052,2024-07-10,etiqueta,true
p1057,u1202,2020-02-09,autor,true
p772,u1114,2024-09-19,colaborador,false
p628,u846,2020-04-30,colaborador,true
p1413,u1231,2025-09-02,etiqueta,true
p1322,u869,2023-10-09,autor,true
p1452,u1575,2026-09-02,colaborador,false
p115,u982,2022-03-31,colaborador,true
p1449,u967,2023-08-14,autor,true
p69,u1729,2021-12-14,etiqueta,false
p492,u94,2022-09-02,colaborador,true
p1096,u1930,2022-07-22,autor,true
p975,u1862,2024-06-18,autor,false
p737,u1765,2025-07-12,colaborador,true
p270,u45,2022-12-14,autor,false
p1491,u517,2026-09-17,autor,true
p1218,u1710,2023-03-23,autor,true
p1246,u985,2025-11-15,colaborador,false
p578,u1316,2022-10-07,etiqueta,false
p532,u994,2026-09-13,colaborador,false
p832,u295,2021-10-27,colaborador,false
p412,u1938,2026-05-04,colaborador,true
p860,u396,2024-04-26,colaborador,false
p1489,u1335,2024-10-05,colaborador,false
p1430,u1697,2026-10-20,autor,false
p35,u859,2024-08-03,colaborador,false
p1304,u1102,2024-12-29,autor,true
p433,u1005,2024-02-12,etiqueta,false
p710,u1086,2023-03-21,etiqueta,false
p766,u604,2026-05-09,etiqueta,false
p1355,u156,2020-11-18,autor,false
p969,u1697,2023-08-06,autor,false
p698,u1705,2021-03-12,etiqueta,true
p1067,u173,2023-09-08,colaborador,true
p969,u1230,2023-03-12,colaborador,true
p25,u1031,2023-03-22,colaborador,true
p930,u369,2025-07-31,etiqueta,false
p102,u1506,2022-04-12,colaborador,false
p171,u321,2020-07-15,etiqueta,true
p354,u1083,2022-08-12,etiqueta,true
p830,u695,2021-05-12,autor,true
p439,u139,2023-05-03,etiqueta,true
p669,u1947,2026-08-21,colaborador,true
p195,u1396,2023-12-28,etiqueta,false
p137,u580,2023-10-12,etiqueta,true
p725,u1419,2021-05-05,autor,false
p27,u170,2026-09-08,etiqueta,true
p1258,u909,2026-08-05,colaborador,false
p686,u1258,2023-07-17,colaborador,false
p1228,u1948,2020-12-27,autor,true
p1013,u1582,2020-01-14,etiqueta,true
p225,u1120,2026-10-31,autor,false
p1411,u1496,2020-12-02,autor,false
p232,u1130,2026-09-25,etiqueta,true
p1096,u1819,2026-09-20,colaborador,false
p288,u1578,2024-09-24,autor,true
p468,u1961,2022-03-24,colaborador,false
p267,u763,2022-09-12,etiqueta,true
p883,u1871,2021-01-16,autor,true
p113,u1820,2021-07-10,colaborador,false
p191,u35,2024-12-21,etiqueta,false
p230,u232,2021-01-30,etiqueta,true
p806,u1854,2025-03-18,autor,true
p883,u1684,2020-04-18,autor,false
p223,u953,2023-02-17,colaborador,true
p740,u1199,2023-08-04,etiqueta,true
p137,u138,2024-06-25,colaborador,true
p813,u170,2021-01-04,autor,false
p825,u977,2020-01-13,colaborador,true
p1490,u1923,2023-11-16,etiqueta,false
p1168,u1002,2021-06-21,autor,true
p643,u1740,2020-01-24,etiqueta,false
p1374,u1587,2021-08-16,autor,true
p333,u169,2023-10-26,colaborador,false
p213,u553,2025-11-03,colaborador,false
p595,u507,2026-12-10,etiqueta,false
p804,u1,2022-11-22,colaborador,false
p714,u596,2021-04-19,colaborador,true
p884,u1955,2022-02-23,etiqueta,false
p1012,u486,2024-05-29,etiqueta,false
p1074,u757,2024-02-28,etiqueta,true
p703,u1437,2026-05-08,etiqueta,false
p1106,u1961,2021-04-04,etiqueta,true
p504,u1637,2020-05-01,colaborador,true
p1401,u1072,2026-08-20,etiqueta,false
p1150,u446,2022-12-13,autor,false
p644,u993,2023-04-24,colaborador,true
p66,u1168,2024-06-13,colaborador,true
p215,u266,2020-03-05,etiqueta,false
p1436,u831,2023-10-13,etiqueta,true
p760,u519,2020-01-14,etiqueta,false
p148,u908,2022-11-05,autor,false
p311,u1073,2021-03-30,etiqueta,false
p570,u533,2022-08-01,autor,false
p1034,u105,2022-08-29,autor,false
p961,u396,2020-10-13,etiqueta,false
p74,u460,2020-09-27,autor,false
p1287,u842,2024-09-29,colaborador,false
p497,u722,2020-06-12,autor,false
p886,u1384,2020-05-02,autor,false
p775,u1546,2024-07-11,etiqueta,true
p411,u1861,2023-01-10,autor,false
p574,u1446,2025-01-14,etiqueta,false
p650,u1457,2022-08-24,colaborador,true
p1113,u922,2020-12-03,colaborador,false
p1365,u880,2020-01-28,colaborador,false
p1002,u1717,2026-02-05,etiqueta,true
p1171,u1447,2020-01-27,colaborador,false
p1037,u1841,2023-06-10,colaborador,true
p418,u262,2020-04-05,autor,true
p773,u1810,2021-08-18,autor,true
p1382,u779,2025-10-27,etiqueta,true
p56,u1990,2020-08-04,etiqueta,false
p1019,u1111,2025-02-26,etiqueta,false
p218,u375,2024-06-19,etiqueta,true
p46,u533,2020-01-27,etiqueta,false
p997,u1246,2025-04-30,colaborador,true
p711,u1572,2020-05-12,autor,true
p1229,u1730,2022-02-25,autor,false
p1208,u108,2022-06-21,autor,false
p727,u1612,2026-04-13,colaborador,true
p245,u1905,2025-02-02,etiqueta,true
p39,u799,2026-07-16,colaborador,false
p1410,u1432,2020-11-08,etiqueta,false
p748,u792,2025-01-25,colaborador,false
p997,u671,2023-02-12,etiqueta,false
p911,u5,2023-09-29,autor,false
p1193,u1811,2022-09-01,etiqueta,true
p1187,u1201,2026-07-22,etiqueta,false
p440,u1821,2025-02-06,colaborador,false
p555,u1949,2025-09-07,etiqueta,true
p211,u1742,2022-04-01,autor,false
p736,u1768,2024-09-03,autor,false
p931,u1924,2023-04-27,etiqueta,true
p1079,u1563,2020-10-02,colaborador,true
p156,u1878,2022-03-31,autor,true
p8,u485,2020-12-11,colaborador,true
p297,u1967,2024-10-08,autor,true
p1032,u1634,2021-07-25,colaborador,false
p270,u1112,2024-07-12,colaborador,false
p492,u562,2022-06-06,colaborador,false
p329,u1386,2021-11-21,etiqueta,true
p1259,u1534,2026-10-11,autor,false
p1041,u1269,2024-11-06,etiqueta,true
p216,u106,2023-02-16,etiqueta,true
p1148,u1405,2022-01-27,etiqueta,true
p1072,u1334,2026-01-01,etiqueta,false
p873,u1608,2022-05-20,etiqueta,true
p543,u163,2020-02-23,colaborador,true
p538,u1601,2023-10-07,etiqueta,false
p534,u361,2021-04-21,etiqueta,false
p446,u1086,2023-06-12,etiqueta,false
p1339,u627,2025-12-08,etiqueta,true
p167,u737,2023-02-20,etiqueta,false
p63,u1659,2024-11-04,colaborador,false
p1299,u1716,2020-10-16,autor,false
p866,u125,2020-09-26,colaborador,false
p46,u1814,2020-01-25,etiqueta,true
p1076,u1294,2026-12-22,colaborador,true
p521,u1214,2022-01-23,etiqueta,true
p415,u1892,2022-10-01,autor,false
p723,u1623,2021-06-07,colaborador,true
p1336,u1944,2021-05-13,autor,true
p668,u614,2026-06-28,colaborador,false
p137,u324,2026-03-15,etiqueta,false
p688,u109,2022-01-06,colaborador,true
p966,u1831,2023-12-10,colaborador,false
p831,u1970,2022-01-22,colaborador,true
p1414,u325,2023-03-20,autor,true
p1255,u319,2024-05-24,colaborador,true
p139,u1152,2023-12-03,autor,false
p615,u1635,2021-11-28,colaborador,true
p18,u1006,2024-05-22,etiqueta,false
p509,u205,2020-10-14,autor,false
p416,u1035,2025-06-14,autor,false
p1277,u1043,2025-01-10,autor,true
p794,u316,2023-12-25,colaborador,true
p112,u1414,2023-01-14,etiqueta,true
p263,u70,2022-11-06,autor,false
p757,u489,2020-02-04,colaborador,true
p1301,u639,2024-03-18,autor,true
p1495,u237,2021-06-24,colaborador,false
p2,u84,2026-09-05,colaborador,false
p962,u989,2021-01-03,autor,false
p1491,u43,2024-05-27,etiqueta,false
p574,u254,2021-10-08,colaborador,false
p576,u147,2020-09-07,autor,true
p329,u1913,2022-03-05,etiqueta,false
p1254,u1761,2020-02-01,autor,false
p531,u1709,2022-03-28,etiqueta,false
p1327,u1825,2022-10-21,colaborador,false
p1082,u1693,2020-08-16,autor,true
p237,u532,2021-12-16,etiqueta,false
p1155,u415,2024-04-08,etiqueta,true
p1017,u1665,2021-09-22,etiqueta,false
p1128,u847,2022-01-21,autor,false
p825,u1965,2024-05-03,colaborador,true
p42,u576,2022-10-22,autor,true
p881,u103,2022-02-27,autor,false
p1333,u770,2023-03-29,etiqueta,false
p1188,u303,2022-01-29,colaborador,false
p1081,u1861,2021-03-26,colaborador,true
p1062,u344,2023-12-30,autor,true
p1082,u1983,2021-02-19,autor,true
p1406,u1366,2026-10-28,etiqueta,true
p1213,u1841,2021-02-26,autor,true
p1489,u833,2021-08-18,colaborador,false
p1239,u1611,2024-01-28,etiqueta,true
p583,u1570,2022-05-07,autor,false
p396,u22,2022-06-30,etiqueta,true
p1116,u39,2023-11-19,etiqueta,true
p368,u1335,2021-05-09,colaborador,true
p691,u1957,2022-07-31,autor,false
p358,u1018,2021-03-06,colaborador,false
p141,u482,2020-09-30,etiqueta,false
p246,u1656,2026-07-03,colaborador,true
p286,u463,2023-09-02,colaborador,true
p1340,u1662,2021-03-29,etiqueta,false
p424,u1308,2024-07-11,autor,false
p403,u440,2020-05-31,autor,false
p852,u111,2024-10-08,colaborador,true
p968,u145,2024-05-04,autor,false
p39,u1163,2021-06-16,etiqueta,true
p66,u1093,2026-01-04,autor,false
p1178,u1881,2022-06-15,etiqueta,false
p93,u53,2025-03-14,etiqueta,true
p460,u1014,2020-10-18,autor,false
p1213,u885,2025-08-07,autor,true
p1065,u461,2021-04-29,colaborador,false
p522,u831,2020-06-11,colaborador,true
p416,u1943,2024-09-03,etiqueta,true
p170,u1254,2021-06-24,etiqueta,false
p1424,u632,2020-12-20,autor,false
p1400,u1484,2024-06-18,colaborador,false
p1244,u1204,2023-05-12,autor,false
p110,u1030,2023-05-09,autor,true
p1432,u1578,2023-04-22,etiqueta,true
p899,u1949,2022-11-03,etiqueta,true
p332,u838,2022-05-24,etiqueta,false
p101,u1278,2024-06-17,autor,true
p1106,u466,2022-05-05,colaborador,true
p521,u1664,2026-07-18,etiqueta,false
p597,u827,2023-03-17,autor,true
p1072,u368,2026-08-13,colaborador,false
p1462,u293,2021-11-23,autor,true
p580,u1300,2026-12-24,autor,false
p1296,u1406,2023-09-04,etiqueta,false
p499,u565,2022-02-14,etiqueta,true
p1422,u834,2020-05-04,autor,true
p265,u1361,2022-10-16,etiqueta,true
p316,u391,2023-01-23,etiqueta,true
p1299,u1697,2024-01-24,autor,false
p64,u1182,2024-10-05,colaborador,false
p1479,u639,2024-06-15,colaborador,true
p512,u800,2026-05-06,colaborador,false
p330,u753,2025-01-30,etiqueta,true
p1379,u913,2024-01-24,colaborador,true
p787,u1636,2020-04-13,autor,false
p839,u1957,2022-10-15,etiqueta,true
p1002,u38,2024-07-18,etiqueta,true
p374,u1684,2021-12-30,colaborador,true
p1231,u1969,2024-01-30,autor,true
p4,u1413,2023-08-25,etiqueta,false
p791,u0,2021-08-21,autor,true
p1086,u1629,2022-06-30,etiqueta,false
p251,u1198,2026-03-28,etiqueta,true
p1124,u441,2023-05-04,etiqueta,true
p951,u1765,2023-05-22,etiqueta,false
p1278,u124,2024-11-07,etiqueta,true
p576,u1051,2021-08-24,autor,true
p1463,u32,2025-11-30,autor,false
p398,u1093,2024-05-18,colaborador,true
p91,u552,2025-10-05,colaborador,true
p317,u1475,2025-12-13,autor,true
p625,u66,2021-02-27,etiqueta,true
p1312,u1489,2023-02-27,etiqueta,false
p1197,u1522,2023-10-22,etiqueta,false
p1040,u568,2024-12-17,etiqueta,true
p169,u1687,2020-02-16,autor,false
p1241,u710,2024-05-16,etiqueta,true
p833,u563,2023-03-22,etiqueta,true
p38,u1655,2022-07-26,etiqueta,true
p197,u1284,2021-03-28,autor,false
p1083,u305,2025-08-20,colaborador,false
p565,u784,2026-03-26,colaborador,true
p632,u421,2026-08-17,etiqueta,false
p1169,u155,2024-12-07,etiqueta,false
p1434,u808,2022-06-05,colaborador,true
p1011,u249,2023-11-17,colaborador,true
p997,u756,2022-09-19,etiqueta,true
p643,u820,2026-07-28,autor,false
p384,u1002,2022-11-06,autor,false
p148,u556,2022-01-26,etiqueta,false
p1337,u1473,2026-07-26,etiqueta,false
p399,u331,2025-11-24,colaborador,false
p443,u1703,2023-02-09,etiqueta,false
p280,u810,2025-12-27,colaborador,true
p973,u1259,2021-02-24,colaborador,false
p431,u1196,2020-05-24,etiqueta,false
p796,u655,2020-05-16,autor,false
p1204,u808,2024-04-01,colaborador,true
p117,u559,2023-01-06,etiqueta,false
p409,u810,2021-12-03,autor,false
p1367,u8,2025-07-10,colaborador,true
p230,u1927,2024-09-17,colaborador,false
p737,u680,2022-05-31,etiqueta,true
p1106,u1240,2022-02-19,autor,true
p550,u1875,2020-04-28,colaborador,false
p371,u1080,2020-02-01,colaborador,false
p395,u242,2026-09-28,etiqueta,true
p922,u467,2026-06-12,colaborador,false
p663,u770,2026-07-18,colaborador,false
p1134,u429,2026-05-23,etiqueta,false
p1028,u1624,2023-04-14,etiqueta,true
p84,u26,2023-01-31,autor,true
p999,u120,2026-05-07,etiqueta,false
p1130,u1924,2026-03-30,autor,false
p211,u1104,2025-04-10,autor,false
p494,u603,2024-11-20,colaborador,false
p269,u983,2022-06-19,colaborador,true
p1083,u1595,2021-08-16,autor,false
p1079,u76,2020-08-28,etiqueta,false
p973,u1555,2022-05-24,autor,false
p202,u1691,2023-09-09,colaborador,true
p1209,u907,2020-08-20,autor,false
p332,u1519,2023-09-26,colaborador,false
p209,u260,2020-11-24,etiqueta,true
p320,u1297,2024-12-23,etiqueta,true
p808,u1457,2021-01-11,autor,true
p821,u1700,2022-01-17,autor,true
p1051,u1997,2020-08-25,autor,true
p560,u1235,2024-04-03,etiqueta,false
p1139,u1835,2021-03-24,etiqueta,false
p411,u107,2022-04-03,etiqueta,true
p976,u1904,2024-09-06,etiqueta,true
p894,u982,2023-02-24,etiqueta,true
p373,u791,2020-11-11,etiqueta,false
p681,u287,2021-01-03,etiqueta,true
p1167,u947,2022-09-25,etiqueta,false
p100,u1975,2022-09-11,autor,false
p442,u1014,2024-11-02,colaborador,false
p1383,u309,2022-07-02,autor,true
p591,u1221,2022-12-11,etiqueta,true
p71,u551,2023-01-03,etiqueta,false
p518,u539,2022-02-22,etiqueta,true
p262,u146,2023-07-13,colaborador,true
p1155,u1537,2022-06-27,colaborador,false
p1065,u159,2024-07-13,colaborador,false
p540,u1588,2026-05-19,etiqueta,true
p1344,u916,2020-12-31,colaborador,true
p510,u1088,2022-10-03,colaborador,false
p718,u647,2025-01-05,colaborador,true
p575,u1379,2021-10-17,etiqueta,false
p699,u1504,2026-02-28,colaborador,true
p638,u486,2023-08-10,autor,false
p642,u827,2025-09-16,colaborador,false
p1303,u378,2022-04-07,autor,true
p666,u333,2023-09-14,colaborador,false
p738,u1892,2021-01-31,etiqueta,true
p200,u1561,2026-09-11,etiqueta,false
p364,u541,2026-10-14,etiqueta,true
p1267,u670,2026-05-16,colaborador,true
p334,u1066,2020-06-01,etiqueta,false
p1467,u1721,2025-05-10,colaborador,true
p55,u238,2024-03-06,colaborador,false
p20,u1828,2023-04-30,autor,true
p1317,u571,2023-02-11,colaborador,false
p586,u1328,2025-11-06,etiqueta,false
p329,u1478,2024-12-16,colaborador,false
p958,u589,2020-04-19,autor,false
p336,u1743,2023-04-24,autor,false
p367,u1200,2024-12-29,etiqueta,false
p103,u336,2022-12-11,autor,true
p651,u1548,2024-08-11,autor,true
p563,u53,2026-01-17,colaborador,true
p38,u1254,2020-08-20,colaborador,false
p141,u744,2024-11-10,colaborador,true
p334,u1034,2026-06-18,etiqueta,true
p1095,u805,2026-01-26,colaborador,true
p1220,u538,2024-10-13,etiqueta,true
p1316,u1638,2026-02-11,etiqueta,true
p1263,u145,2026-12-07,colaborador,true
p1230,u630,2025-10-25,etiqueta,false
p60,u1036,2025-08-09,colaborador,false
p320,u652,2020-05-01,etiqueta,true
p113,u1038,2023-10-15,autor,true
p701,u1557,2022-02-21,etiqueta,false
p133,u615,2021-03-13,autor,false
p920,u1175,2024-08-20,autor,true
p278,u732,2022-05-13,etiqueta,false
p540,u249,2023-07-05,colaborador,false
p1119,u656,2022-02-05,autor,false
p1092,u643,2020-05-22,autor,true
p228,u86,2025-12-26,etiqueta,true
p1451,u526,2026-06-04,colaborador,true
p906,u1941,2024-07-18,autor,true
p491,u649,2026-02-28,etiqueta,false
p529,u1734,2026-12-31,autor,false
p235,u648,2023-10-01,autor,false
p380,u1708,2021-10-27,colaborador,true
p426,u726,2021-06-15,etiqueta,false
p1460,u1563,2026-12-13,colaborador,true
p718,u641,2025-05-03,etiqueta,true
p1245,u230,2024-06-10,autor,true
p968,u1033,2025-05-03,colaborador,true
p871,u290,2026-08-11,colaborador,false
p522,u171,2024-11-04,colaborador,true
p1122,u611,2026-03-16,colaborador,true
p738,u1164,2022-02-04,etiqueta,true
p534,u914,2022-01-30,colaborador,true
p6,u53,2024-08-24,etiqueta,true
p63,u1047,2026-08-13,autor,false
p681,u1230,2025-02-01,etiqueta,false
p1034,u781,2021-08-11,autor,false
p1304,u1035,2024-05-29,colaborador,false
p37,u1084,2024-08-10,etiqueta,true
p1174,u1775,2023-03-24,etiqueta,true
p426,u1966,2024-06-10,autor,true
p672,u1947,2021-03-16,autor,false
p923,u326,2022-07-11,colaborador,true
p1431,u48,2022-04-04,etiqueta,true
p859,u668,2025-04-05,autor,true
p918,u246,2022-09-20,etiqueta,false
p21,u1407,2023-09-26,autor,false
p901,u800,2022-10-27,etiqueta,true
p173,u493,2020-01-28,colaborador,false
p1326,u11,2025-02-02,colaborador,true
p653,u534,2025-01-11,autor,false
p223,u1153,2023-11-04,etiqueta,true
p514,u1241,2025-04-05,colaborador,true
p1254,u1990,2026-04-19,colaborador,true
p122,u117,2026-06-15,etiqueta,true
p756,u299,2022-03-12,autor,false
p790,u1046,2022-03-16,autor,false
p843,u610,2026-07-02,autor,false
p739,u1327,2020-11-15,colaborador,true
p369,u4,2025-10-23,autor,false
p492,u1259,2025-03-01,colaborador,false
p1059,u579,2025-04-28,colaborador,false
p190,u108,2020-07-16,autor,true
p1442,u40,2025-04-16,etiqueta,true
p284,u1365,2023-12-07,colaborador,false
p1384,u36,2022-04-15,autor,true
p1447,u1321,2026-12-08,autor,true
p411,u718,2026-08-02,autor,true
p1106,u1309,2024-03-14,autor,false
p804,u570,2024-08-22,colaborador,true
p111,u199,2023-05-08,autor,true
p638,u27,2023-01-14,colaborador,false
p104,u543,2023-07-20,colaborador,false
p652,u1622,2020-02-03,colaborador,false
p1465,u1679,2021-05-04,etiqueta,true
p1129,u1154,2024-01-04,etiqueta,false
p222,u1001,2021-10-08,autor,true
p831,u781,2021-02-07,colaborador,true
p1250,u1669,2026-03-17,etiqueta,true
p951,u1082,2023-09-21,colaborador,false
p100,u229,2023-07-25,autor,false
p27,u1873,2021-08-07,etiqueta,false
p102,u301,2025-07-21,colaborador,false
p548,u1852,2026-02-08,etiqueta,false
p421,u740,2025-05-06,etiqueta,false
p1249,u1157,2021-02-07,etiqueta,true
p1098,u378,2025-12-26,autor,false
p1451,u1238,2020-05-30,etiqueta,false
p947,u386,2024-12-18,colaborador,true
p455,u1207,2022-01-13,autor,false
p776,u310,2024-11-09,etiqueta,false
p67,u1958,2025-12-14,etiqueta,false
p613,u1993,2024-08-02,colaborador,false
p1269,u1513,2026-06-17,autor,false
p499,u186,2026-11-05,etiqueta,false
p611,u1440,2025-05-17,colaborador,false
p768,u1049,2023-03-02,etiqueta,false
p341,u1512,2020-12-18,autor,false
p1408,u1083,2025-11-30,colaborador,false
p589,u885,2020-10-19,etiqueta,false
p9,u66,2025-12-05,colaborador,true
p1216,u574,2020-05-17,colaborador,true
p242,u3,2020-06-23,autor,false
p307,u345,2026-09-21,colaborador,false
p1065,u1554,2025-08-22,etiqueta,false
p631,u1977,2024-08-11,autor,true
p387,u123,2022-09-23,colaborador,true
p831,u1526,2022-05-13,autor,false
p886,u183,2024-02-22,autor,false
p390,u1180,2021-10-13,colaborador,false
p543,u1549,2020-05-17,autor,false
p1460,u956,2022-02-12,colaborador,false
p1249,u1981,2021-08-17,autor,true
p792,u699,2020-01-11,etiqueta,false
p425,u198,2022-06-24,autor,true
p1021,u1555,2024-08-15,etiqueta,true
p473,u1362,2022-09-05,colaborador,true
p1370,u1757,2021-02-12,etiqueta,false
p757,u936,2025-02-05,etiqueta,true
p323,u1428,2021-04-17,colaborador,true
p872,u635,2024-11-16,autor,false
p1297,u684,2023-01-13,colaborador,false
p1377,u1278,2025-10-31,etiqueta,false
p281,u1258,2024-12-03,autor,true
p808,u1198,2022-08-21,autor,true
p391,u303,2026-10-17,etiqueta,false
p768,u1166,2020-08-26,colaborador,false
p803,u1072,2021-06-04,colaborador,false
p26,u1674,2023-10-07,autor,true
p568,u161,2024-12-25,colaborador,false
p1339,u336,2024-12-05,etiqueta,false
p1257,u1468,2023-11-01,autor,false
p1283,u1414,2025-06-04,autor,false
p745,u1551,2020-12-31,autor,false
p1312,u1427,2026-12-24,etiqueta,true
p505,u1141,2025-04-19,colaborador,true
p1436,u132,2022-02-26,etiqueta,true
p980,u1363,2023-06-29,etiqueta,false
p957,u681,2022-04-17,etiqueta,false
p391,u442,2022-08-20,colaborador,true
p810,u32,2021-11-03,colaborador,true
p1472,u1927,2026-03-12,colaborador,true
p96,u726,2026-07-26,autor,false
p1242,u1933,2021-01-10,etiqueta,true
p333,u873,2025-09-17,colaborador,true
p1344,u1649,2025-09-24,colaborador,false
p1431,u930,2020-12-08,etiqueta,true
p436,u1116,2026-05-30,autor,false
p1041,u1465,2025-01-18,autor,false
p744,u218,2024-02-29,colaborador,false
p847,u1690,2021-12-19,autor,true
p1249,u666,2021-08-31,colaborador,true
p1324,u134,2024-03-27,etiqueta,false
p949,u277,2024-10-09,autor,false
p1033,u1740,2020-12-15,colaborador,false
p832,u38,2022-01-06,etiqueta,true
p249,u45,2021-11-17,autor,true
p531,u83,2023-04-22,etiqueta,true
p35,u81,2022-08-06,colaborador,false
p141,u485,2022-02-04,colaborador,false
p1370,u1864,2023-02-24,autor,true
p1491,u1069,2024-10-19,etiqueta,true
p1478,u788,2025-04-30,autor,true
p266,u1641,2023-10-26,etiqueta,true
p896,u1591,2023-09-23,autor,false
p1337,u112,2023-11-05,colaborador,false
p1186,u394,2025-08-06,colaborador,true
p332,u93,2021-02-09,colaborador,false
p1268,u1239,2025-04-06,colaborador,true
p652,u1764,2026-06-14,autor,false
p414,u375,2023-10-04,colaborador,true
p327,u66,2023-12-21,etiqueta,false
p724,u1861,2024-07-30,colaborador,true
p1444,u2,2025-07-28,etiqueta,false
p345,u253,2020-12-11,colaborador,true
p340,u1707,2021-02-02,autor,true
p705,u1871,2020-11-08,colaborador,true
p1454,u1073,2025-02-17,autor,true
p627,u449,2025-10-22,autor,true
p1344,u300,2023-09-07,autor,true
p145,u1079,2026-07-22,autor,true
p987,u226,2024-11-30,autor,true
p187,u378,2020-06-18,etiqueta,false
p1137,u1116,2024-01-28,etiqueta,false
p827,u486,2025-07-30,etiqueta,false
p762,u1734,2020-10-07,colaborador,true
p424,u1314,2022-01-22,colaborador,true
p752,u825,2020-11-19,autor,false
p464,u457,2021-03-27,colaborador,false
p422,u1530,2023-01-23,autor,true
p291,u1776,2025-09-29,colaborador,true
p16,u276,2022-04-14,colaborador,true
p880,u1649,2026-04-29,autor,true
p401,u876,2021-10-11,autor,true
p314,u1418,2026-12-12,colaborador,false
p25,u1033,2024-08-26,colaborador,true
p783,u1508,2021-01-12,etiqueta,true
p24,u1241,2020-05-11,colaborador,false
p423,u1096,2025-06-13,colaborador,true
p1110,u1303,2022-11-13,autor,false
p409,u1524,2025-01-01,etiqueta,false
p232,u818,2024-09-11,etiqueta,true
p708,u1596,2026-01-11,etiqueta,false
p961,u497,2022-04-09,colaborador,false
p298,u604,2022-12-22,autor,false
p1339,u415,2021-05-03,etiqueta,true
p122,u257,2021-02-14,autor,true
p942,u738,2026-08-22,etiqueta,false
p477,u245,2024-06-23,colaborador,true
p512,u1739,2026-12-17,autor,false
p918,u619,2022-05-20,autor,false
p1254,u1635,2024-04-01,autor,false
p344,u216,2026-01-31,colaborador,false
p1167,u1751,2023-03-05,colaborador,false
p1216,u824,2026-04-28,colaborador,true
p1180,u733,2025-02-16,autor,true
p1329,u1970,2024-03-14,colaborador,true
p820,u1099,2024-10-10,etiqueta,false
p367,u1288,2025-01-14,colaborador,false
p615,u1307,2022-12-07,etiqueta,false
p1305,u1801,2021-05-19,colaborador,true
p209,u630,2025-08-28,etiqueta,true
p767,u1886,2026-07-24,autor,false
p906,u1207,2020-08-04,autor,false
p1479,u1780,2022-12-22,autor,true
p1466,u1810,2024-11-23,autor,false
p1171,u396,2025-08-17,colaborador,false
p883,u994,2020-05-28,etiqueta,false
p1499,u1146,2024-06-21,autor,false
p783,u1744,2025-06-13,colaborador,true
p704,u1792,2020-04-20,etiqueta,false
p1136,u1891,2023-12-27,autor,true
p1160,u312,2021-07-13,etiqueta,false
p483,u1784,2026-06-30,autor,false
p1227,u646,2024-08-21,autor,true
p1086,u1511,2024-11-24,colaborador,true
p1280,u631,2021-05-09,autor,false
p1357,u1367,2025-09-08,colaborador,false
p668,u1447,2025-11-16,autor,true
p684,u1656,2021-06-23,autor,true
p1011,u1777,2022-12-04,autor,false
p829,u1455,2025-08-02,etiqueta,false
p668,u270,2022-02-03,etiqueta,false
p466,u384,2023-09-27,etiqueta,true
p1155,u1897,2023-01-01,etiqueta,false
p113,u1170,2023-02-15,autor,true
p422,u1220,2026-08-06,colaborador,true
p98,u290,2023-10-25,autor,true
p261,u562,2021-10-08,autor,true
p325,u64,2021-08-06,etiqueta,true
p982,u408,2025-02-26,autor,false
p1384,u353,2026-12-23,colaborador,false
p68,u1216,2020-09-10,colaborador,true
p535,u806,2025-06-22,colaborador,false
p1242,u1560,2025-07-03,etiqueta,false
p852,u1924,2026-09-13,autor,true
p1226,u179,2021-01-03,autor,true
p1038,u1430,2020-04-08,colaborador,true
p250,u1750,2025-02-14,etiqueta,false
p724,u1459,2026-07-15,etiqueta,true
p435,u977,2024-04-14,autor,false
p1325,u1749,2025-05-31,autor,true
p1201,u1158,2024-05-26,autor,true
p678,u991,2025-04-02,autor,true
p422,u1515,2026-08-06,etiqueta,true
p1424,u755,2023-02-19,colaborador,true
p1170,u541,2023-04-29,autor,false
p226,u368,2020-08-17,etiqueta,true
p1353,u1164,2026-02-15,autor,false
p143,u1643,2021-08-24,autor,false
p638,u837,2022-09-10,autor,false
p770,u8,2021-07-29,colaborador,true
p417,u1081,2023-01-09,etiqueta,true
p215,u1316,2021-03-29,autor,true
p647,u458,2020-03-25,autor,true
p464,u1704,2024-01-12,etiqueta,false
p1028,u378,2024-01-12,colaborador,true
p562,u977,2026-08-10,etiqueta,true
p1497,u896,2022-03-04,colaborador,true
p1437,u1812,2021-12-17,autor,true
p1279,u1493,2022-12-26,etiqueta,false
p1231,u1509,2021-09-02,colaborador,false
p1474,u516,2021-08-19,etiqueta,true
p1488,u1988,2021-06-10,etiqueta,false
p54,u1536,2023-03-13,colaborador,true
p1305,u282,2023-12-10,etiqueta,false
p120,u142,2020-12-17,etiqueta,false
p420,u1492,2026-12-13,colaborador,false
p1367,u1273,2026-04-06,etiqueta,true
p1176,u79,2021-06-21,etiqueta,false
p975,u1844,2025-02-14,etiqueta,false
p955,u1497,2024-05-04,autor,true
p905,u627,2020-08-26,colaborador,true
p1317,u1685,2023-03-23,autor,true
p566,u1449,2021-03-18,autor,true
p382,u902,2025-12-08,autor,false
p1477,u681,2021-05-28,autor,false
p1369,u1641,2026-12-22,autor,true
p1470,u1353,2026-02-08,etiqueta,true
p1493,u1956,2021-01-05,autor,true
p1013,u1516,2026-09-03,colaborador,true
p1086,u174,2022-10-24,etiqueta,true
p1288,u849,2020-05-12,colaborador,true
p723,u1994,2020-06-09,autor,true
p892,u134,2025-08-04,autor,true
p179,u1131,2025-01-03,etiqueta,false
p1411,u973,2022-03-02,colaborador,false
p696,u597,2025-07-30,etiqueta,false
p402,u398,2022-03-10,etiqueta,true
p600,u1983,2026-11-17,etiqueta,false
p1442,u1028,2026-10-29,autor,true
p436,u428,2026-02-07,autor,false
p1334,u1002,2020-02-27,etiqueta,true
p1281,u353,2025-06-28,autor,false
p79,u989,2022-08-30,autor,true
p967,u237,2025-02-26,etiqueta,true
p311,u1286,2020-02-02,autor,false
p918,u1195,2020-02-08,autor,false
p1443,u1053,2021-07-16,autor,false
p1098,u799,2022-09-09,etiqueta,true
p1023,u1730,2023-06-16,colaborador,true
p955,u1288,2024-11-21,colaborador,true
p376,u1504,2023-07-26,autor,true
p1133,u1815,2020-01-27,colaborador,true
p828,u1599,2026-02-13,etiqueta,false
p438,u577,2021-07-05,etiqueta,false
p734,u374,2021-09-01,colaborador,false
p1374,u1067,2022-08-16,colaborador,true
p329,u1927,2022-03-08,colaborador,false
p855,u234,2025-11-21,etiqueta,true
p289,u1231,2023-05-05,etiqueta,false
p767,u335,2024-10-06,autor,true
p1112,u1731,2020-12-24,colaborador,true
p1303,u1010,2021-06-26,autor,true
p409,u381,2022-11-22,colaborador,true
p919,u620,2022-01-03,autor,false
p1156,u1767,2025-12-25,colaborador,true
p1397,u192,2025-02-21,autor,false
p29,u114,2025-06-15,colaborador,false
p203,u1966,2025-03-11,autor,false
p237,u693,2021-10-12,autor,true
p1473,u953,2025-01-12,etiqueta,false
p1178,u1762,2024-09-14,autor,true
p1121,u221,2025-08-14,etiqueta,true
p1453,u58,2025-09-29,autor,false
p44,u215,2022-10-15,etiqueta,true
p1350,u625,2024-08-06,autor,true
p713,u8,2020-05-23,autor,true
p1323,u456,2023-03-15,colaborador,false
p741,u1123,2026-05-29,colaborador,true
p1223,u1758,2023-11-16,colaborador,true
p1180,u764,2020-11-16,colaborador,true
p892,u1279,2021-12-13,etiqueta,true
p1237,u267,2025-10-13,autor,true
p1309,u1609,2023-01-04,autor,false
p823,u93,2024-02-01,autor,false
p202,u19,2024-04-10,autor,true
p204,u1514,2025-10-13,colaborador,false
p1459,u671,2022-09-07,colaborador,true
p608,u355,2022-11-29,colaborador,false
p1367,u1913,2026-06-10,colaborador,false
p697,u114,2025-06-28,autor,true
p31,u1579,2025-05-31,colaborador,false
p1005,u1546,2022-04-23,etiqueta,true
p1227,u194,2026-03-19,autor,true
p910,u57,2025-10-12,autor,false
p13,u1771,2024-06-12,autor,true
p348,u1571,2026-05-30,etiqueta,true
p922,u1812,2024-09-23,etiqueta,false
p580,u1972,2021-09-23,autor,false
p189,u1305,2021-03-27,etiqueta,true
p1216,u149,2023-05-31,etiqueta,false
p1436,u213,2021-07-06,colaborador,false
p533,u733,2020-01-12,colaborador,true
p423,u1240,2026-02-10,autor,true
p652,u1238,2020-06-30,colaborador,false
p602,u1617,2025-02-19,autor,true
p687,u385,2020-10-24,colaborador,true
p881,u1754,2026-08-02,etiqueta,true
p942,u452,2024-07-29,etiqueta,false
p1097,u850,2022-08-25,autor,false
p1042,u989,2020-09-16,autor,false
p145,u246,2026-11-25,autor,true
p469,u1646,2021-09-05,autor,true
p1042,u904,2020-11-09,etiqueta,false
p520,u38,2025-06-12,colaborador,false
p436,u490,2024-02-14,colaborador,false
p8,u90,2022-01-06,colaborador,false
p1476,u1510,2020-12-31,autor,false
p1145,u968,2020-01-04,colaborador,false
p998,u728,2020-09-13,etiqueta,false
p582,u804,2024-12-12,autor,true
p764,u1046,2022-08-17,colaborador,true
p1131,u1691,2020-03-05,autor,true
p291,u1428,2024-04-24,autor,true
p801,u322,2022-10-19,autor,true
p109,u713,2021-03-07,autor,false
p496,u552,2023-01-25,etiqueta,false
p327,u1126,2025-12-26,etiqueta,true
p476,u54,2023-10-17,autor,true
p1367,u957,2022-09-14,etiqueta,false
p459,u1693,2024-11-23,etiqueta,false
p1255,u493,2023-10-03,colaborador,false
p455,u822,2025-08-23,autor,true
p415,u149,2022-01-11,etiqueta,false
p74,u254,2026-07-14,colaborador,false
p1457,u1632,2021-01-28,etiqueta,true
p550,u1008,2023-11-03,autor,true
p1014,u710,2026-08-27,etiqueta,false
p189,u469,2020-04-06,etiqueta,true
p280,u371,2023-08-30,etiqueta,true
p367,u1709,2021-12-16,colaborador,false
p717,u298,2023-02-19,autor,false
p29,u0,2023-10-19,autor,true
p922,u162,2020-08-20,colaborador,false
p818,u1783,2024-06-18,autor,true
p380,u1205,2023-05-17,autor,true
p717,u715,2025-03-02,etiqueta,true
p1233,u1591,2022-08-27,autor,false
p610,u757,2023-08-27,colaborador,true
p1339,u1932,2025-01-10,colaborador,false
p1490,u1760,2025-06-10,colaborador,true
p1212,u872,2026-02-06,etiqueta,false
p144,u842,2026-08-18,autor,false
p250,u620,2023-07-09,etiqueta,true
p123,u880,2021-11-07,autor,true
p1039,u835,2024-10-18,etiqueta,false
p835,u1311,2022-08-23,autor,false
p728,u1193,2024-06-22,autor,false
p1397,u1045,2024-07-26,etiqueta,true
p445,u1405,2026-08-10,autor,true
p1440,u25,2025-08-17,etiqueta,true
p836,u656,2022-12-30,etiqueta,false
p716,u781,2023-08-12,colaborador,true
p1411,u410,2025-12-28,autor,false
p744,u1307,2022-03-07,autor,true
p1158,u1181,2022-08-25,autor,false
p258,u1371,2024-05-10,colaborador,false
p1173,u1980,2022-02-03,autor,false
p837,u489,2021-03-21,autor,true
p1369,u947,2023-05-18,colaborador,true
p918,u160,2025-07-17,etiqueta,true
p1455,u298,2020-12-23,etiqueta,false
p685,u37,2022-07-16,colaborador,true
p66,u1147,2021-11-26,etiqueta,true
p602,u96,2023-03-01,autor,true
p477,u1036,2024-09-12,autor,true
p814,u995,2023-08-25,colaborador,false
p944,u502,2024-10-01,colaborador,false
p1460,u892,2025-05-29,autor,true
p151,u456,2026-03-20,etiqueta,true
p16,u338,2026-11-04,etiqueta,false
p423,u1897,2026-08-02,autor,true
p648,u1659,2022-08-26,etiqueta,true
p1421,u1242,2025-04-21,etiqueta,false
p1332,u740,2020-06-16,etiqueta,true
p1156,u998,2026-05-14,etiqueta,true
p987,u1452,2023-06-21,colaborador,false
p1030,u688,2026-04-14,autor,false
p875,u1653,2021-04-12,etiqueta,true
p680,u1444,2020-08-05,colaborador,true
p707,u1120,2021-03-12,colaborador,true
p1332,u1546,2026-08-07,etiqueta,false
p1378,u1623,2021-11-17,etiqueta,true
p904,u1238,2026-10-17,colaborador,true
p1279,u586,2022-11-16,autor,true
p719,u644,2024-07-04,autor,true
p1415,u314,2020-07-13,etiqueta,true
p466,u462,2022-03-06,etiqueta,true
p105,u1271,2023-10-09,colaborador,true
p1466,u677,2026-01-30,autor,true
p354,u734,2026-01-06,etiqueta,false
p1058,u1504,2026-09-23,etiqueta,true
p483,u1654,2022-09-01,autor,true
p1292,u1183,2023-12-02,etiqueta,true
p986,u115,2026-05-28,colaborador,false
p1305,u790,2023-04-04,colaborador,false
p1140,u1309,2024-08-11,autor,false
p1222,u1983,2026-02-19,colaborador,true
p1040,u37,2024-03-23,autor,true
p1122,u1181,2022-12-18,autor,false
p1165,u406,2024-06-08,autor,true
p1133,u1969,2025-10-31,autor,true
p1496,u961,2024-10-16,etiqueta,true
p721,u451,2021-07-08,autor,true
p463,u709,2024-11-26,etiqueta,false
p190,u1226,2024-05-17,colaborador,false
p1177,u562,2025-05-24,autor,true
p87,u1848,2020-04-29,colaborador,true
p1297,u1389,2024-10-27,autor,true
p1277,u1355,2026-02-07,colaborador,true
p1059,u293,2020-07-31,etiqueta,false
p1192,u1682,2023-02-20,colaborador,false
p206,u47,2022-08-15,etiqueta,false
p747,u1637,2021-08-15,colaborador,true
p1009,u1979,2023-12-31,etiqueta,true
p434,u725,2021-10-09,colaborador,false
p276,u963,2026-03-27,autor,false
p1252,u8,2024-06-25,autor,true
p500,u998,2023-08-22,autor,true
p888,u1509,2026-11-27,autor,true
p297,u1660,2024-12-14,colaborador,true
p1121,u750,2021-11-15,autor,true
p962,u346,2022-05-08,autor,true
p907,u366,2023-07-14,colaborador,false
p986,u1770,2020-04-11,autor,true
p239,u1148,2025-10-29,etiqueta,false
p1150,u106,2023-06-19,etiqueta,true
p620,u1513,2025-01-03,autor,true
p316,u561,2023-05-04,colaborador,true
p848,u336,2022-05-18,etiqueta,true
p1087,u683,2020-07-01,autor,true
p678,u433,2022-09-29,autor,true
p1395,u387,2021-03-14,colaborador,true
p103,u1394,2026-12-31,colaborador,false
p293,u1815,2020-08-18,colaborador,true
p1337,u827,2020-08-24,colaborador,true
p1148,u1946,2023-02-28,autor,false
p1268,u1183,2023-08-20,colaborador,true
p646,u1680,2025-01-11,colaborador,true
p279,u398,2025-08-30,colaborador,false
p1251,u1676,2024-04-25,etiqueta,true
p870,u536,2022-10-17,autor,true
p53,u1381,2025-01-12,autor,false
p1323,u1599,2021-12-17,etiqueta,true
p361,u1026,2024-04-20,colaborador,false
p253,u1205,2024-03-12,etiqueta,true
p1256,u70,2020-01-28,colaborador,false
p173,u1438,2025-03-16,etiqueta,false
p391,u363,2021-11-16,autor,true
p61,u458,2026-03-07,etiqueta,false
p1475,u918,2023-10-23,etiqueta,false
p234,u457,2022-08-10,autor,true
p399,u1563,2020-08-29,etiqueta,true
