usuario_id,publicacion_id,fecha,con_comentario,visibilidad
u1584,p560,2025-05-07,true,conexiones
u1731,p1041,2020-01-30,false,conexiones
u1151,p1284,2020-03-06,true,pública
u410,p1499,2026-04-14,false,conexiones
u719,p433,2024-09-04,false,privada
u1519,p745,2024-05-06,true,conexiones
u1056,p279,2021-10-20,false,conexiones
u99,p835,2022-06-30,true,conexiones
u1036,p191,2024-07-10,false,privada
u709,p1062,2023-04-09,false,conexiones
u888,p1615,2024-01-21,true,privada
u1351,p834,2021-02-10,true,pública
u1542,p1225,2021-02-10,false,privada
u525,p1048,2026-02-24,false,conexiones
u144,p1356,2025-12-05,false,conexiones
u163,p844,2021-12-27,false,privada
u572,p428,2021-07-23,false,conexiones
u40,p1639,2021-07-06,true,pública
u1610,p1235,2025-06-20,false,pública
u1674,p597,2026-06-23,false,conexiones
u2015,p420,2020-12-02,false,privada
u1725,p1117,2022-04-01,true,conexiones
u130,p1091,2021-08-17,true,privada
u351,p395,2021-04-30,false,pública
u1498,p238,2026-05-21,false,conexiones
u1254,p1491,2021-07-19,true,pública
u163,p838,2022-10-14,true,privada
u702,p99,2020-12-19,true,privada
u1947,p981,2024-08-20,true,pública
u863,p536,2022-10-01,true,conexiones
u1866,p694,2026-12-14,false,conexiones
u277,p173,2022-07-23,false,pública
u1546,p107,2024-04-08,true,conexiones
u1928,p1443,2021-05-25,true,pública
u934,p163,2022-10-29,true,conexiones
u1774,p438,2021-05-29,false,conexiones
u919,p1537,2022-06-30,false,privada
u577,p1338,2023-09-16,true,privada
u1620,p875,2025-01-30,false,pública
u835,p170,2023-08-22,true,pública
u907,p64,2020-01-12,false,conexiones
u1811,p316,2020-07-12,true,pública
u1902,p397,2021-08-02,false,pública
u970,p1482,2023-01-14,true,privada
u103,p421,2020-02-10,false,privada
u333,p272,2023-02-27,false,conexiones
u357,p1358,2022-01-23,false,conexiones
u1082,p481,2024-06-20,false,privada
u1129,p362,2024-07-15,false,conexiones
u3,p1149,2022-05-28,false,pública
u1812,p868,2026-12-14,false,conexiones
u80,p1169,2022-01-09,false,conexiones
u1081,p83,2021-03-13,true,pública
u1128,p371,2021-11-14,true,pública
u489,p691,2025-10-04,false,pública
u1687,p681,2022-12-07,false,pública
u1357,p1171,2021-10-17,false,conexiones
u964,p1274,2024-11-30,false,conexiones
u578,p287,2022-06-27,false,pública
u2013,p529,2022-02-24,false,pública
u481,p1557,2024-11-25,true,pública
u1219,p407,2022-04-15,true,privada
u261,p1684,2022-11-12,true,conexiones
u875,p1196,2025-09-21,true,privada
u2094,p1122,2023-08-17,true,conexiones
u618,p858,2022-02-22,true,pública
u1472,p909,2025-03-25,false,pública
u47,p664,2026-04-25,false,privada
u69,p451,2025-02-25,true,pública
u9,p965,2024-03-23,true,privada
u1253,p202,2021-07-09,true,conexiones
u448,p1338,2020-11-21,true,pública
u1759,p1255,2025-05-19,true,privada
u104,p1690,2024-05-29,true,privada
u191,p193,2024-02-13,false,pública
u1372,p855,2023-06-03,false,conexiones
u1957,p614,2025-10-06,false,conexiones
u1035,p307,2020-11-03,true,pública
u1868,p104,2024-02-06,false,pública
u1582,p886,2023-05-22,false,conexiones
u1835,p786,2021-09-28,true,pública
u1520,p114,2022-02-08,true,conexiones
u456,p109,2020-08-24,true,pública
u51,p1486,2021-11-30,false,pública
u725,p728,2026-01-08,true,pública
u1697,p398,2022-07-15,true,conexiones
u2018,p1541,2024-09-08,true,pública
u375,p120,2025-02-26,true,privada
u1188,p808,2025-09-21,true,privada
u2062,p1418,2026-02-19,true,privada
u32,p275,2024-01-08,false,conexiones
u883,p103,2024-04-24,true,privada
u311,p944,2022-10-02,true,privada
u707,p479,2020-06-04,false,conexiones
u270,p979,2025-02-19,true,conexiones
u395,p176,2025-07-02,true,privada
u902,p1069,2023-05-19,false,privada
u2097,p133,2025-06-09,false,conexiones
u263,p542,2023-07-27,true,conexiones
u548,p1589,2020-09-10,true,pública
u933,p1389,2022-11-13,true,pública
u1440,p1059,2021-04-17,true,privada
u479,p938,2024-04-06,false,conexiones
u456,p1298,2025-03-22,false,conexiones
u212,p693,2026-06-11,true,conexiones
u2102,p1321,2025-07-01,true,conexiones
u1282,p752,2021-10-19,true,privada
u946,p376,2024-11-30,false,pública
u1491,p407,2021-11-19,false,pública
u717,p499,2021-06-10,true,conexiones
u208,p820,2025-12-03,false,pública
u230,p1075,2023-10-22,true,privada
u84,p1652,2022-02-18,true,pública
u1656,p1323,2021-07-25,true,pública
u2162,p604,2020-11-07,false,conexiones
u527,p1552,2025-10-15,true,pública
u2183,p918,2021-07-19,false,privada
u690,p970,2024-05-26,false,pública
u1617,p554,2026-05-22,false,pública
u2115,p1491,2025-12-27,true,conexiones
u1286,p787,2022-06-26,true,conexiones
u456,p566,2023-05-15,true,pública
u2082,p1607,2026-04-23,false,conexiones
u1503,p1264,2022-09-10,true,privada
u11,p757,2021-12-23,true,pública
u2146,p594,2022-11-24,true,privada
u1631,p463,2022-06-03,false,privada
u454,p549,2020-12-25,false,conexiones
u1754,p581,2024-01-03,true,conexiones
u2184,p865,2022-12-30,true,privada
u1864,p1006,2024-12-12,false,conexiones
u1106,p1000,2021-05-21,false,pública
u523,p970,2021-10-28,false,conexiones
u510,p160,2026-12-08,true,conexiones
u685,p1658,2022-04-18,true,privada
u447,p1610,2022-10-11,false,conexiones
u1226,p854,2025-02-26,false,conexiones
u857,p1244,2024-01-18,false,pública
u551,p1005,2020-08-29,false,pública
u1084,p1689,2021-02-08,false,pública
u1751,p1495,2021-02-09,true,pública
u1275,p1246,2020-09-06,false,privada
u192,p991,2020-09-06,true,pública
u1095,p1377,2021-11-16,false,conexiones
u2048,p1617,2026-07-15,false,conexiones
u1323,p46,2024-07-05,true,pública
u1439,p1129,2024-04-13,true,privada
u1433,p1460,2022-07-30,true,privada
u999,p442,2020-12-07,true,conexiones
u1186,p1455,2022-12-24,false,conexiones
u2034,p806,2026-04-27,true,privada
u579,p513,2020-06-11,false,conexiones
u1176,p343,2021-04-09,true,pública
u665,p1078,2023-07-13,true,pública
u888,p1092,2020-04-19,true,privada
u700,p541,2023-05-26,true,conexiones
u1258,p1629,2024-08-22,false,pública
u1976,p1058,2026-03-08,true,pública
u1540,p835,2021-10-12,true,conexiones
u1432,p1666,2025-10-24,false,privada
u20,p552,2025-10-17,false,privada
u2007,p933,2025-12-26,false,pública
u2052,p602,2022-08-07,false,pública
u348,p1666,2020-06-29,true,privada
u1342,p1227,2025-10-14,false,conexiones
u2024,p1500,2026-07-20,true,pública
u1974,p1433,2020-05-18,true,privada
u1718,p872,2020-01-18,true,conexiones
u1114,p0,2025-05-02,false,conexiones
u1745,p1508,2022-01-29,false,privada
u1712,p1336,2021-01-22,true,pública
u1772,p1203,2021-12-02,true,pública
u647,p62,2025-08-05,false,pública
u571,p1539,2023-08-25,false,conexiones
u744,p1526,2025-05-09,false,privada
u1902,p1003,2020-07-07,false,conexiones
u169,p1601,2024-10-05,true,conexiones
u1026,p60,2024-04-22,true,privada
u1333,p1505,2023-10-09,true,conexiones
u1281,p352,2023-05-28,true,conexiones
u409,p1565,2020-10-02,false,conexiones
u152,p640,2026-08-14,true,privada
u979,p1668,2024-09-10,true,privada
u1327,p784,2022-01-02,true,pública
u2193,p846,2021-02-11,true,conexiones
u1306,p239,2024-04-28,false,pública
u1566,p1423,2021-07-16,false,conexiones
u1536,p228,2024-10-06,true,conexiones
u213,p367,2022-07-11,true,pública
u258,p534,2021-10-08,true,pública
u1426,p609,2025-12-26,true,privada
u278,p550,2026-11-23,false,pública
u407,p1406,2023-06-01,false,conexiones
u2135,p730,2022-06-11,true,conexiones
u1876,p1269,2023-02-16,true,privada
u314,p1632,2022-08-15,true,pública
u904,p549,2026-03-22,false,pública
u30,p1188,2022-04-04,false,pública
u2199,p1695,2023-06-06,true,pública
u498,p1099,2024-01-29,false,conexiones
u1049,p731,2022-05-29,false,pública
u1741,p317,2024-02-27,false,privada
u3,p1522,2022-03-05,false,conexiones
u628,p1343,2026-02-15,true,conexiones
u1203,p772,2024-03-16,true,pública
u544,p1288,2021-02-11,true,privada
u866,p818,2026-06-04,true,pública
u1119,p1394,2021-08-17,false,conexiones
u790,p1378,2023-04-29,true,pública
u1393,p1580,2022-10-07,false,pública
u373,p417,2022-01-08,false,pública
u1767,p1392,2025-04-02,true,conexiones
u1726,p1125,2020-12-03,false,privada
u1395,p1249,2022-09-20,true,pública
u86,p314,2022-01-17,true,privada
u1661,p50,2024-06-06,false,privada
u498,p1119,2020-12-02,true,pública
u2112,p369,2022-01-31,false,conexiones
u520,p1464,2023-02-22,false,privada
u735,p587,2026-08-06,true,privada
u2127,p532,2024-04-13,true,conexiones
u1013,p975,2023-08-16,false,pública
u1666,p1331,2020-11-13,true,pública
u996,p843,2021-08-31,true,pública
u2013,p1105,2024-08-09,false,privada
u891,p617,2023-01-25,false,privada
u1865,p309,2026-03-20,false,privada
u1343,p1283,2021-08-24,true,privada
u1909,p458,2024-04-15,true,privada
u1796,p1188,2021-07-03,true,pública
u508,p446,2025-01-27,false,privada
u1494,p1139,2021-05-30,true,pública
u1460,p470,2023-03-06,true,pública
u1623,p1674,2023-06-25,false,conexiones
u113,p1321,2020-11-13,true,pública
u546,p509,2023-08-25,true,pública
u371,p440,2023-11-24,true,pública
u1235,p1077,2023-11-10,true,pública
u1870,p1646,2022-07-28,false,conexiones
u1711,p1018,2020-05-02,false,privada
u1236,p362,2020-05-16,false,privada
u248,p283,2025-09-27,true,privada
u1972,p187,2020-03-19,false,pública
u21,p420,2021-01-10,false,conexiones
u1016,p1270,2022-03-03,true,pública
u708,p176,2024-08-23,true,pública
u2097,p1085,2024-01-05,true,pública
u87,p1038,2025-10-27,false,conexiones
u2045,p1266,2023-03-16,false,pública
u1592,p902,2020-01-20,false,pública
u56,p785,2026-03-08,false,privada
u715,p918,2022-06-19,false,conexiones
u554,p0,2026-08-13,true,conexiones
u1057,p157,2022-09-15,false,conexiones
u1964,p676,2023-05-28,true,conexiones
u789,p169,2026-11-04,false,pública
u1558,p946,2026-08-27,false,privada
u1492,p1209,2022-06-22,false,privada
u576,p574,2022-08-25,false,pública
u423,p1087,2020-02-11,true,pública
u790,p46,2026-07-15,true,conexiones
u1764,p893,2024-04-28,true,pública
u2045,p1375,2023-02-15,false,pública
u1752,p93,2025-05-24,true,pública
u789,p235,2024-11-18,true,privada
u1484,p1206,2021-04-18,true,privada
u1582,p177,2025-12-03,false,privada
u796,p429,2021-11-20,false,privada
u832,p92,2025-07-07,true,pública
u204,p895,2024-06-30,false,pública
u900,p753,2024-05-11,false,pública
u646,p596,2022-06-03,true,privada
u2087,p1139,2026-06-27,true,conexiones
u221,p1168,2021-05-07,true,pública
u1655,p31,2026-12-05,true,conexiones
u1419,p1666,2022-05-01,true,privada
u1644,p716,2022-12-15,true,pública
u1854,p652,2022-08-14,true,conexiones
u2028,p1009,2024-04-16,false,pública
u198,p1409,2020-04-29,false,pública
u1461,p1528,2026-12-10,true,pública
u1933,p621,2020-08-04,true,privada
u641,p466,2024-10-05,false,conexiones
u1232,p1548,2026-07-09,true,conexiones
u1394,p1687,2025-11-28,true,pública
u1695,p497,2024-04-23,false,pública
u2034,p156,2025-09-07,false,privada
u1075,p784,2023-11-20,true,privada
u83,p608,2022-05-16,false,privada
u1815,p1138,2021-07-11,true,conexiones
u342,p923,2023-08-15,false,privada
u2167,p951,2025-11-15,false,privada
u817,p821,2024-12-05,true,conexiones
u613,p636,2021-04-27,true,privada
u772,p616,2022-11-17,false,pública
u1923,p845,2020-08-15,false,conexiones
u1348,p655,2024-10-02,true,pública
u726,p427,2025-05-03,false,privada
u701,p910,2025-04-29,false,conexiones
u2151,p1056,2025-04-06,true,conexiones
u1152,p1592,2023-06-26,true,privada
u951,p337,2020-08-08,true,privada
u900,p1001,2023-08-08,false,privada
u1834,p803,2025-02-17,false,pública
u466,p914,2021-11-28,true,privada
u628,p146,2026-05-19,true,privada
u1787,p1619,2021-06-10,true,conexiones
u1395,p1459,2025-08-07,false,privada
u2113,p1272,2025-09-20,true,privada
u903,p916,2024-01-09,false,privada
u1619,p1280,2020-11-19,true,privada
u704,p1283,2020-11-25,true,privada
u1372,p1261,2025-07-26,true,conexiones
u909,p1692,2025-09-12,true,conexiones
u1293,p460,2022-11-17,false,pública
u1764,p1209,2023-08-27,true,pública
u1386,p514,2020-02-20,true,conexiones
u572,p35,2023-06-09,false,conexiones
u1138,p934,2023-03-14,true,conexiones
u978,p811,2021-01-26,false,pública
u1557,p1017,2020-10-25,false,privada
u1054,p716,2023-01-19,true,privada
u1241,p587,2023-06-18,false,conexiones
u564,p527,2022-09-02,true,conexiones
u1116,p525,2025-10-19,false,conexiones
u534,p472,2026-07-21,true,privada
u544,p1624,2026-02-20,false,privada
u2071,p720,2021-10-01,false,privada
u1955,p500,2024-11-08,true,privada
u1189,p273,2026-06-09,false,pública
u1021,p602,2020-05-12,true,pública
u1429,p1253,2025-08-04,true,privada
u2107,p521,2022-01-12,false,conexiones
u1519,p950,2021-03-20,false,privada
u1542,p304,2020-06-02,true,privada
u594,p680,2026-04-25,true,conexiones
u1761,p1196,2024-05-07,false,privada
u1526,p179,2022-02-13,true,pública
u761,p943,2021-12-10,false,pública
u559,p944,2025-07-20,true,pública
u1315,p614,2024-10-19,true,privada
u509,p867,2021-01-06,true,conexiones
u2156,p248,2021-05-25,true,pública
u1989,p1479,2026-07-15,false,conexiones
u927,p46,2021-01-04,true,conexiones
u914,p211,2025-09-21,true,pública
u245,p1423,2020-02-02,true,privada
u2194,p1303,2026-02-15,true,conexiones
u1413,p1164,2025-03-05,true,pública
u1645,p407,2023-11-17,true,conexiones
u303,p942,2025-03-23,false,pública
u418,p1606,2022-04-25,false,pública
u2021,p1519,2025-04-06,true,conexiones
u1771,p671,2020-07-15,false,pública
u1734,p447,2024-09-13,true,privada
u1047,p2,2025-02-23,true,conexiones
u608,p1659,2022-10-31,true,privada
u2176,p1657,2021-10-29,false,pública
u1687,p1156,2026-09-23,false,pública
u1407,p473,2023-11-14,true,pública
u1275,p602,2025-05-23,false,pública
u1002,p1476,2026-04-17,false,pública
u1952,p1331,2025-05-16,false,pública
u357,p1142,2023-02-03,true,privada
u2140,p1641,2025-02-15,false,pública
u711,p580,2025-12-02,false,conexiones
u1316,p419,2021-10-16,true,privada
u208,p21,2024-12-15,true,privada
u1889,p1119,2021-01-02,false,conexiones
u507,p1363,2026-01-04,false,pública
u1976,p906,2022-02-17,false,privada
u213,p279,2023-08-04,true,conexiones
u648,p1008,2022-04-07,false,pública
u1574,p1074,2024-01-26,false,pública
u1367,p1292,2022-11-01,false,privada
u1057,p730,2024-01-18,true,conexiones
u786,p184,2022-04-27,true,privada
u539,p287,2025-10-23,false,pública
u645,p1262,2026-01-12,false,privada
u1687,p764,2022-09-25,false,conexiones
u2046,p569,2025-09-14,false,privada
u1879,p1459,2020-05-07,true,pública
u2008,p968,2024-09-22,true,privada
u732,p1352,2025-06-05,true,conexiones
u2078,p140,2020-10-31,true,pública
u1955,p993,2020-09-19,true,conexiones
u241,p1203,2024-02-01,false,privada
u417,p588,2024-04-07,true,privada
u445,p1355,2020-10-20,true,privada
u1837,p1386,2026-05-23,false,privada
u429,p1270,2021-06-16,true,privada
u1334,p39,2020-09-20,true,pública
u1675,p1382,2023-04-23,true,privada
u493,p681,2024-11-06,false,pública
u2089,p987,2020-08-21,false,privada
u2015,p1019,2023-06-16,false,conexiones
u1396,p17,2021-03-19,false,pública
u1809,p1324,2023-09-06,true,conexiones
u1268,p1341,2024-04-22,true,conexiones
u1818,p831,2024-01-25,false,conexiones
u408,p1565,2025-09-19,true,pública
u1868,p1225,2022-07-27,false,conexiones
u403,p376,2025-05-29,false,privada
u1372,p1518,2023-06-05,false,conexiones
u603,p1418,2024-01-31,false,conexiones
u852,p707,2024-11-13,false,conexiones
u2193,p318,2023-03-05,true,pública
u1472,p357,2020-03-03,false,privada
u1929,p498,2022-09-03,false,pública
u789,p1070,2025-11-11,false,pública
u345,p223,2020-10-16,false,conexiones
u1696,p1233,2021-01-18,false,pública
u1235,p535,2022-12-18,false,conexiones
u68,p1418,2022-09-17,true,privada
u2028,p395,2020-02-25,false,pública
u655,p276,2023-08-15,true,pública
u1240,p1136,2020-10-14,true,conexiones
u103,p1344,2023-07-19,false,privada
u736,p836,2022-02-28,true,privada
u526,p1595,2020-07-26,false,pública
u1622,p955,2022-01-27,true,privada
u225,p38,2025-02-19,true,conexiones
u480,p163,2020-04-23,false,privada
u892,p960,2020-02-20,true,privada
u1281,p325,2021-04-08,true,pública
u386,p721,2026-10-20,true,privada
u330,p567,2024-05-17,false,conexiones
u2168,p369,2024-09-01,false,pública
u1123,p926,2020-03-13,true,pública
u954,p300,2026-03-12,true,privada
u880,p1220,2021-06-18,false,pública
u2083,p678,2021-04-13,false,pública
u368,p793,2022-12-11,true,pública
u1192,p569,2020-02-24,false,privada
u1553,p403,2022-11-16,true,privada
u2060,p824,2026-08-06,false,conexiones
u2044,p886,2022-10-18,false,conexiones
u1509,p363,2026-04-17,true,privada
u1289,p905,2022-11-26,true,privada
u640,p639,2025-01-09,false,privada
u2020,p139,2022-04-16,true,conexiones
u132,p1464,2025-06-10,false,privada
u572,p1621,2022-11-19,false,pública
u1775,p917,2025-04-17,true,conexiones
u685,p279,2026-09-20,true,conexiones
u1080,p1261,2025-11-08,false,privada
u873,p13,2025-08-27,false,privada
u70,p769,2024-12-13,true,privada
u155,p1186,2020-07-17,true,pública
u450,p402,2022-03-18,false,conexiones
u781,p1192,2026-05-01,true,privada
u1047,p1049,2022-06-15,true,pública
u406,p14,2025-11-26,false,privada
u1800,p3,2023-03-09,false,privada
u2192,p1294,2024-03-13,false,privada
u1740,p1363,2024-06-04,true,pública
u828,p1090,2025-07-07,false,conexiones
u488,p1331,2026-06-18,true,pública
u876,p188,2024-02-19,false,pública
u1393,p843,2020-09-25,false,pública
u905,p1132,2022-08-08,true,pública
u1288,p1221,2021-12-24,false,conexiones
u150,p1547,2021-01-07,false,privada
u2156,p100,2025-01-25,true,privada
u1392,p1324,2023-05-16,false,privada
u1272,p146,2020-04-11,false,conexiones
u570,p1217,2025-04-22,true,pública
u45,p1495,2024-06-10,false,conexiones
u1906,p1420,2026-05-11,true,pública
u1718,p964,2023-11-09,true,privada
u643,p1272,2025-04-17,true,conexiones
u203,p1074,2025-03-05,false,conexiones
u1787,p695,2023-07-03,false,conexiones
u606,p1247,2026-10-15,true,privada
u387,p675,2026-02-25,true,conexiones
u586,p596,2022-06-13,true,conexiones
u1219,p175,2020-07-24,true,privada
u846,p1373,2025-04-28,false,conexiones
u1310,p661,2024-12-21,true,privada
u1599,p1040,2022-07-08,true,pública
u776,p454,2024-01-10,true,pública
u1570,p211,2020-09-07,true,privada
u1923,p1328,2023-12-14,true,pública
u2002,p414,2025-08-29,true,pública
u2126,p358,2025-07-12,false,conexiones
u256,p380,2025-07-28,false,privada
u274,p1420,2023-07-28,false,privada
u1428,p1204,2021-12-28,true,privada
u2101,p682,2021-10-22,true,pública
u2018,p1251,2020-02-03,true,pública
u520,p1176,2024-03-19,true,pública
u1323,p170,2020-06-26,true,pública
u1668,p937,2020-04-16,false,pública
u2143,p1226,2020-08-02,false,privada
u1890,p939,2021-02-28,false,privada
u1748,p1342,2024-09-24,true,conexiones
u1049,p740,2023-12-22,true,conexiones
u1330,p641,2020-04-20,true,conexiones
u1768,p648,2025-07-13,false,privada
u1585,p1560,2026-08-11,false,privada
u899,p1492,2024-04-21,false,pública
u2084,p941,2025-12-15,false,conexiones
u1566,p603,2022-10-09,true,conexiones
u325,p1502,2026-01-22,false,pública
u1365,p887,2025-06-06,false,conexiones
u1972,p943,2020-09-30,false,pública
u1285,p143,2022-07-28,true,conexiones
u1119,p1691,2024-05-28,false,conexiones
u1660,p1370,2021-11-28,false,conexiones
u589,p1577,2025-11-16,false,conexiones
u765,p1382,2025-10-29,false,privada
u1978,p566,2025-04-12,true,pública
u1545,p539,2022-04-10,false,pública
u1238,p1686,2025-07-08,true,privada
u977,p987,2026-10-03,true,privada
u1315,p250,2021-01-27,true,conexiones
u1645,p460,2023-12-08,true,pública
u1033,p1454,2025-07-10,true,privada
u1156,p372,2023-04-11,true,pública
u1958,p1670,2026-01-06,true,pública
u443,p448,2022-05-04,true,conexiones
u313,p1627,2020-04-09,false,conexiones
u1266,p588,2025-12-29,true,pública
u1817,p1255,2020-09-14,false,pública
u139,p364,2026-08-11,true,conexiones
u1446,p1186,2024-08-11,true,pública
u1172,p739,2020-08-22,true,privada
u2067,p1245,2023-12-27,true,pública
u1812,p1487,2025-09-29,true,pública
u1713,p1505,2023-02-11,true,pública
u1502,p988,2020-09-01,false,pública
u329,p657,2025-03-16,true,pública
u480,p1520,2026-06-28,true,conexiones
u747,p1205,2020-04-04,false,pública
u1521,p1644,2026-04-21,true,pública
u114,p872,2023-05-11,true,privada
u1509,p1414,2026-05-29,true,privada
u925,p1572,2022-05-27,true,pública
u739,p409,2025-04-17,false,pública
u19,p229,2023-04-09,true,privada
u306,p1288,2021-01-21,false,conexiones
u874,p550,2025-12-21,false,privada
u1355,p557,2020-03-14,true,conexiones
u423,p700,2021-11-19,false,pública
u44,p765,2020-07-13,false,conexiones
u1108,p600,2021-04-03,true,conexiones
u1391,p21,2026-05-24,true,pública
u1676,p1045,2024-04-03,true,conexiones
u1526,p307,2024-12-12,false,privada
u1584,p277,2020-04-18,true,privada
u134,p1641,2020-09-11,true,conexiones
u1737,p1106,2020-08-08,true,conexiones
u1081,p1310,2024-05-07,false,conexiones
u289,p1072,2025-07-16,false,pública
u1897,p748,2024-10-28,true,privada
u867,p1068,2022-11-02,false,privada
u1540,p480,2025-04-17,false,conexiones
u2179,p1539,2024-05-05,true,privada
u488,p164,2021-12-14,true,conexiones
u1197,p935,2025-02-25,false,pública
u231,p576,2025-03-21,false,privada
u1859,p105,2022-08-17,true,conexiones
u518,p876,2023-02-28,false,privada
u2132,p1016,2024-10-03,false,conexiones
u1960,p837,2026-03-06,true,conexiones
u556,p858,2023-05-28,true,conexiones
u261,p365,2022-11-28,false,conexiones
u1545,p1377,2023-10-28,true,conexiones
u2191,p1204,2022-04-25,true,privada
u616,p762,2023-02-18,true,conexiones
u835,p999,2026-03-17,false,pública
u22,p898,2024-06-21,true,conexiones
u1871,p1067,2022-04-01,false,pública
u1591,p981,2023-01-06,false,privada
u1494,p1579,2022-03-12,false,pública
u480,p1033,2021-08-01,false,pública
u1408,p1554,2025-12-13,true,privada
u1491,p675,2021-08-20,false,privada
u303,p181,2022-10-27,true,privada
u900,p1231,2025-04-08,true,conexiones
u1528,p341,2026-11-05,true,conexiones
u93,p797,2026-12-22,false,privada
u554,p668,2025-12-26,true,conexiones
u932,p1661,2022-11-08,true,pública
u1505,p717,2020-10-15,false,pública
u410,p447,2021-03-10,true,pública
u2145,p158,2022-02-25,true,conexiones
u1137,p790,2023-10-16,false,pública
u736,p879,2026-08-29,false,conexiones
u1325,p895,2023-09-03,false,conexiones
u1593,p560,2026-06-27,false,privada
u173,p152,2026-01-01,false,pública
u2164,p982,2022-04-13,false,conexiones
u876,p938,2026-11-01,false,conexiones
u2099,p1660,2025-02-15,true,privada
u1444,p329,2025-03-16,false,pública
u1993,p1639,2020-04-29,true,privada
u880,p772,2021-11-24,false,conexiones
u1206,p404,2023-04-03,false,pública
u1886,p323,2025-01-03,false,privada
u1475,p1117,2025-12-29,true,pública
u1792,p344,2024-05-24,true,privada
u1104,p811,2026-08-01,false,privada
u393,p1644,2023-04-24,false,pública
u1843,p86,2025-02-09,true,pública
u1511,p50,2024-07-19,true,privada
u548,p30,2026-08-03,true,privada
u514,p516,2021-09-15,false,conexiones
u1896,p1122,2020-12-05,true,conexiones
u775,p1630,2025-07-31,true,privada
u756,p448,2025-12-23,true,privada
u423,p1650,2025-10-11,true,privada
u243,p558,2024-06-23,true,privada
u197,p674,2020-09-01,false,pública
u1778,p805,2023-07-01,true,conexiones
u2009,p560,2021-10-23,true,conexiones
u530,p313,2026-06-26,false,conexiones
u653,p129,2024-06-20,true,pública
u2096,p126,2021-11-20,true,pública
u2183,p1375,2021-05-19,true,conexiones
u1177,p1519,2025-08-18,true,privada
u857,p1496,2024-08-05,true,pública
u404,p1556,2026-06-06,false,conexiones
u590,p710,2026-11-17,true,privada
u1250,p342,2025-07-10,false,conexiones
u1563,p415,2025-05-24,false,conexiones
u178,p895,2025-11-05,true,conexiones
u1712,p510,2022-11-14,false,conexiones
u1280,p845,2023-07-29,true,conexiones
u1761,p1046,2021-08-09,false,conexiones
u2173,p705,2022-10-10,true,privada
u1109,p610,2021-01-23,true,conexiones
u2032,p928,2026-12-04,true,pública
u864,p902,2020-03-22,false,conexiones
u237,p355,2023-09-29,false,conexiones
u192,p885,2023-10-10,true,privada
u1326,p1152,2026-02-24,false,privada
u1269,p184,2026-04-17,true,conexiones
u1316,p261,2025-08-07,true,privada
u295,p1135,2022-01-25,false,pública
u2173,p448,2023-02-19,false,conexiones
u542,p193,2020-12-04,false,conexiones
u1074,p850,2026-01-02,true,privada
u1704,p358,2024-05-07,true,pública
u266,p1399,2021-07-06,false,conexiones
u1875,p1644,2025-10-22,false,pública
u1386,p408,2021-04-18,true,conexiones
u14,p194,2021-01-10,true,conexiones
u500,p579,2025-08-28,false,pública
u613,p1664,2024-12-08,false,pública
u2158,p1230,2022-08-17,false,conexiones
u1303,p1651,2026-12-22,false,conexiones
u543,p339,2022-09-19,true,pública
u773,p1623,2024-08-13,false,conexiones
u1687,p1371,2026-10-05,false,pública
u441,p794,2022-05-14,false,privada
u436,p533,2020-08-01,true,pública
u1792,p1034,2023-02-19,true,pública
u1264,p820,2025-03-12,false,conexiones
u1711,p1537,2022-05-05,true,pública
u1422,p133,2026-09-27,true,pública
u550,p476,2024-04-05,false,pública
u202,p1680,2025-02-02,true,conexiones
u179,p1286,2024-07-04,false,privada
u1870,p827,2022-12-17,false,conexiones
u930,p1304,2021-04-28,true,conexiones
u368,p351,2023-10-22,true,privada
u2143,p229,2021-03-17,false,privada
u1761,p1107,2026-10-13,true,privada
u1599,p277,2023-05-09,true,pública
u774,p1043,2025-01-22,true,pública
u1563,p969,2025-02-19,true,conexiones
u207,p1429,2020-01-08,true,privada
u367,p134,2020-03-02,true,privada
u819,p1347,2026-04-01,true,privada
u1151,p1327,2022-11-16,true,pública
u2156,p1610,2026-12-04,false,conexiones
u434,p1678,2022-11-15,true,conexiones
u1255,p1016,2020-07-31,false,conexiones
u1573,p121,2026-04-20,false,privada
u108,p210,2020-09-26,true,conexiones
u987,p956,2026-07-09,false,conexiones
u287,p321,2022-10-22,false,privada
u1661,p1412,2026-04-11,true,privada
u1723,p334,2025-12-28,false,privada
u1531,p813,2022-08-18,true,privada
u992,p1167,2026-06-05,true,conexiones
u2166,p136,2021-06-30,true,privada
u458,p598,2026-09-04,true,privada
u746,p566,2021-09-18,true,pública
u1110,p599,2020-12-12,true,privada
u2100,p1517,2023-03-31,false,pública
u6,p867,2021-08-17,true,conexiones
u672,p724,2020-12-23,false,conexiones
u1094,p550,2024-04-03,true,conexiones
u2128,p1311,2026-07-29,true,conexiones
u1271,p674,2021-10-08,false,conexiones
u2075,p1666,2026-04-13,false,conexiones
u922,p1416,2025-11-08,true,pública
u1249,p371,2021-10-28,false,pública
u720,p126,2022-12-29,true,conexiones
u2177,p1040,2021-01-02,true,conexiones
u747,p616,2026-06-19,true,conexiones
u867,p1355,2026-06-30,false,conexiones
u697,p1131,2026-04-05,false,privada
u1257,p719,2025-07-02,false,conexiones
u706,p1569,2026-07-29,true,pública
u1054,p1121,2021-02-02,true,conexiones
u617,p1267,2022-04-14,true,privada
u190,p80,2025-05-21,true,pública
u837,p898,2025-09-11,false,pública
u785,p248,2022-03-19,true,conexiones
u2040,p461,2022-11-23,true,conexiones
u350,p1140,2020-07-03,false,privada
u1112,p1058,2025-08-04,false,pública
u2152,p1599,2024-11-25,false,pública
u139,p1036,2022-04-24,false,privada
u336,p1357,2026-11-19,true,pública
u763,p813,2026-03-25,true,privada
u1075,p1102,2023-02-02,true,conexiones
u1553,p47,2024-06-08,false,conexiones
u731,p476,2023-06-20,true,pública
u800,p1611,2023-07-19,false,conexiones
u1709,p586,2022-11-30,true,pública
u1162,p153,2025-09-23,true,privada
u1329,p1499,2026-02-19,false,conexiones
u2000,p769,2024-07-04,false,conexiones
u469,p471,2024-08-05,false,conexiones
u571,p853,2025-12-25,true,privada
u897,p1312,2022-07-15,false,pública
u1112,p81,2024-04-12,false,privada
u1432,p1259,2024-07-17,false,pública
u1832,p829,2026-06-17,true,privada
u721,p261,2026-08-17,false,conexiones
u725,p1140,2020-05-10,true,conexiones
u2046,p1066,2023-10-19,false,conexiones
u1498,p41,2026-10-02,true,pública
u821,p68,2024-03-29,true,conexiones
u139,p617,2021-02-10,false,conexiones
u681,p1603,2020-06-25,true,conexiones
u939,p1515,2023-12-22,false,pública
u657,p1310,2023-10-04,true,privada
u1755,p1319,2022-05-17,true,pública
u2116,p877,2022-01-30,false,privada
u1363,p456,2022-12-24,false,privada
u1135,p180,2022-03-09,false,pública
u1783,p858,2023-01-30,true,conexiones
u1556,p949,2023-06-05,true,pública
u309,p1570,2023-12-21,false,privada
u1640,p229,2023-09-02,true,conexiones
u1029,p1341,2021-05-20,false,pública
u1818,p259,2026-11-22,true,conexiones
u1552,p903,2024-11-09,false,pública
u833,p1520,2025-05-11,true,conexiones
u338,p1433,2025-07-30,true,conexiones
u772,p1638,2022-12-03,false,pública
u913,p405,2026-02-12,false,pública
u1222,p120,2024-10-29,true,pública
u647,p1236,2026-02-15,true,pública
u2012,p896,2025-05-30,false,privada
u1330,p894,2023-02-07,false,privada
u1981,p1361,2026-10-18,true,privada
u1823,p49,2024-05-17,true,conexiones
u1575,p1492,2024-08-15,true,conexiones
u1053,p99,2022-12-07,true,conexiones
u882,p876,2023-12-13,true,conexiones
u94,p972,2026-12-09,true,conexiones
u1247,p321,2023-08-30,true,privada
u1796,p233,2023-04-08,false,conexiones
u1967,p1209,2021-07-22,false,pública
u980,p182,2022-09-05,false,pública
u211,p1577,2026-05-15,true,pública
u1940,p663,2024-03-25,true,conexiones
u705,p956,2023-11-20,true,pública
u1192,p1215,2026-01-08,false,pública
u617,p5,2025-09-25,false,privada
u536,p905,2026-09-26,true,conexiones
u1696,p643,2024-11-20,false,pública
u635,p363,2021-01-04,false,conexiones
u806,p478,2024-08-11,true,pública
u1370,p1007,2025-08-16,false,conexiones
u417,p501,2025-10-27,false,pública
u857,p89,2023-07-21,true,privada
u815,p473,2026-04-04,true,privada
u513,p1510,2021-01-13,true,conexiones
u1271,p23,2022-08-18,true,privada
u1140,p1116,2026-12-23,true,pública
u1350,p813,2022-02-05,false,privada
u1664,p177,2021-10-02,true,privada
u1923,p437,2022-02-23,true,privada
u268,p1642,2025-02-10,false,pública
u1684,p1665,2023-11-06,false,conexiones
u1710,p217,2024-07-09,false,pública
u558,p358,2025-02-20,true,privada
u1332,p1697,2023-06-24,false,pública
u258,p393,2020-02-18,true,pública
u1004,p301,2026-10-20,false,privada
u625,p1402,2025-08-03,true,privada
u402,p253,2023-11-05,false,pública
u607,p707,2020-08-02,true,conexiones
u502,p740,2024-08-07,false,privada
u1336,p194,2025-01-03,true,conexiones
u710,p950,2021-07-12,false,conexiones
u893,p213,2020-05-07,true,privada
u1309,p666,2020-06-02,true,privada
u1176,p1251,2020-03-31,true,privada
u6,p1220,2026-10-20,false,conexiones
u1807,p412,2024-10-08,true,privada
u1759,p203,2025-05-12,true,privada
u786,p155,2023-10-04,true,conexiones
u1610,p628,2020-03-30,false,conexiones
u353,p1385,2022-03-23,true,conexiones
u1928,p1267,2025-02-25,true,privada
u1987,p1415,2023-03-13,true,conexiones
u317,p175,2022-08-13,true,privada
u99,p1435,2024-10-08,true,conexiones
u1269,p0,2023-02-05,true,privada
u1865,p463,2026-01-16,true,conexiones
u2103,p499,2025-03-20,true,conexiones
u216,p585,2023-02-22,false,pública
u386,p56,2020-11-22,false,privada
u851,p1144,2020-02-21,true,privada
u71,p1446,2024-04-20,false,pública
u1771,p1677,2023-12-13,false,privada
u60,p1076,2025-11-25,false,pública
u790,p1321,2024-03-25,true,pública
u1456,p1272,2020-04-29,true,privada
u92,p305,2022-12-26,true,pública
u1397,p249,2023-08-15,true,privada
u1139,p846,2025-04-09,false,conexiones
u253,p839,2022-05-04,false,privada
u1420,p1654,2021-10-13,false,pública
u1976,p793,2026-09-21,false,pública
u319,p1639,2020-03-19,false,privada
u1535,p569,2022-08-13,false,pública
u1158,p969,2022-04-05,false,conexiones
u115,p536,2021-05-05,true,pública
u723,p1203,2022-03-15,false,pública
u924,p1674,2022-05-30,false,conexiones
u379,p1157,2025-01-07,false,privada
u1973,p478,2024-02-18,true,pública
u1289,p1554,2025-09-22,true,conexiones
u1472,p403,2023-09-24,false,privada
u1428,p1044,2024-12-29,false,pública
u233,p575,2023-04-20,false,privada
u2199,p685,2026-05-02,true,pública
u1435,p1536,2024-03-09,false,pública
u519,p1154,2020-07-26,false,conexiones
u127,p1579,2021-05-22,true,conexiones
u291,p894,2020-02-11,false,conexiones
u1094,p758,2025-03-14,false,conexiones
u1311,p693,2025-12-25,false,conexiones
u1899,p1041,2025-03-16,false,privada
u789,p549,2026-07-30,true,pública
u1873,p1689,2025-10-08,true,conexiones
u236,p620,2022-02-14,false,privada
u851,p654,2020-06-12,true,pública
u47,p1183,2024-10-12,false,pública
u2159,p857,2022-08-23,false,conexiones
u833,p897,2024-12-08,true,conexiones
u1184,p1114,2026-07-07,true,pública
u2002,p38,2026-12-02,true,privada
u2,p1597,2023-05-29,true,pública
u1090,p230,2021-09-24,true,conexiones
u1348,p959,2025-11-12,true,pública
u1614,p1212,2025-03-03,true,pública
u1011,p10,2025-08-03,false,pública
u1785,p697,2025-09-07,true,privada
u544,p1342,2025-11-01,true,conexiones
u1167,p1405,2021-10-18,true,conexiones
u785,p510,2024-11-12,true,pública
u418,p566,2026-11-02,false,pública
u1774,p1210,2026-03-01,true,conexiones
u513,p18,2020-04-08,false,privada
u1554,p1059,2025-05-31,true,pública
u925,p343,2021-01-25,false,pública
u1476,p1288,2023-09-29,false,pública
u555,p260,2020-09-14,false,conexiones
u730,p830,2022-03-07,true,conexiones
u235,p384,2021-11-30,false,pública
u1987,p366,2025-06-21,true,privada
u141,p1566,2026-08-10,false,conexiones
u2012,p1225,2022-04-11,true,privada
u176,p341,2023-09-08,false,pública
u1637,p259,2022-07-21,false,conexiones
u640,p1180,2024-03-21,false,conexiones
u2146,p169,2025-07-31,false,privada
u631,p559,2022-12-02,true,conexiones
u1498,p1034,2024-04-16,true,privada
u1254,p557,2025-06-30,true,pública
u1657,p1375,2021-11-27,false,privada
u260,p625,2022-10-30,true,pública
u315,p628,2022-02-25,false,conexiones
u909,p1590,2024-06-25,false,conexiones
u1724,p630,2022-09-11,true,conexiones
u2014,p639,2023-02-25,false,privada
u730,p391,2022-05-27,true,conexiones
u1030,p1509,2020-11-30,true,privada
u853,p935,2020-01-15,true,pública
u1413,p19,2020-12-06,true,conexiones
u296,p201,2021-12-23,false,pública
u1543,p1170,2025-02-22,true,conexiones
u2081,p847,2023-02-27,false,pública
u189,p1116,2020-11-10,false,pública
u556,p1534,2021-11-18,true,pública
u1501,p1530,2024-03-28,false,conexiones
u517,p413,2021-07-21,true,pública
u2142,p387,2021-03-03,false,conexiones
u1290,p780,2026-05-10,false,pública
u1503,p1598,2025-09-01,true,pública
u1551,p632,2026-10-25,false,privada
u305,p5,2025-01-02,true,conexiones
u726,p237,2025-03-29,true,privada
u429,p1674,2024-01-25,true,pública
u1156,p151,2026-03-20,true,privada
u1033,p932,2026-03-23,false,pública
u441,p1042,2020-05-04,true,conexiones
u819,p103,2024-08-08,true,conexiones
u1965,p697,2022-07-14,true,conexiones
u1403,p1499,2026-02-15,false,privada
u1691,p1425,2021-09-15,true,privada
u125,p179,2021-05-24,false,pública
u1986,p600,2025-04-11,false,pública
u1995,p811,2020-01-14,true,conexiones
u870,p1416,2021-06-23,true,privada
u240,p1115,2023-10-23,false,conexiones
u1142,p423,2020-05-16,false,privada
u360,p736,2024-04-01,true,privada
u1807,p361,2023-09-24,false,conexiones
u1470,p59,2022-12-17,false,pública
u166,p1642,2022-12-31,false,pública
u1243,p298,2025-02-19,false,privada
u483,p1159,2021-11-16,false,privada
u1445,p1694,2023-03-02,false,pública
u1059,p1501,2026-11-29,false,pública
u570,p988,2024-12-22,false,conexiones
u562,p71,2021-08-11,false,privada
u1072,p1252,2023-12-07,false,conexiones
u662,p507,2021-10-09,false,conexiones
u1,p1338,2026-06-25,false,conexiones
u848,p312,2023-06-03,true,conexiones
u1202,p1496,2021-08-03,true,privada
u1722,p333,2023-08-26,false,conexiones
u1014,p681,2021-10-29,false,pública
u848,p1341,2020-12-25,false,privada
u1644,p770,2024-09-03,false,conexiones
u1785,p1266,2020-10-01,false,conexiones
u807,p1349,2025-08-09,true,pública
u2093,p1042,2025-08-27,false,pública
u1447,p1024,2023-06-06,true,privada
u20,p1604,2021-12-25,true,conexiones
u522,p634,2023-06-25,true,pública
u401,p934,2021-05-27,false,conexiones
u105,p139,2023-01-01,false,pública
u583,p279,2021-12-24,false,privada
u909,p1290,2020-03-02,false,conexiones
u404,p1097,2021-01-23,false,pública
u1207,p1343,2026-08-23,false,privada
u2180,p194,2022-10-01,false,conexiones
u293,p1113,2023-10-07,false,pública
u1163,p1070,2024-11-27,true,pública
u1286,p944,2026-09-16,false,pública
u113,p186,2024-07-25,true,pública
u1473,p1200,2026-06-16,true,privada
u157,p74,2024-08-11,false,pública
u365,p809,2025-03-07,false,pública
u2024,p979,2025-04-17,false,conexiones
u389,p31,2020-09-05,false,conexiones
u1835,p199,2024-05-04,false,conexiones
u54,p392,2023-03-11,true,conexiones
u517,p1469,2023-06-16,false,privada
u889,p1376,2026-10-13,false,conexiones
u496,p1180,2024-06-18,false,conexiones
u1348,p723,2026-11-09,false,privada
u1357,p1113,2022-04-13,true,privada
u74,p1254,2021-01-30,false,pública
u951,p194,2025-12-20,false,conexiones
u821,p676,2025-04-18,true,pública
u652,p841,2024-11-27,true,conexiones
u1065,p388,2023-05-14,false,pública
u1743,p899,2022-10-21,false,pública
u1781,p1250,2023-11-03,false,privada
u1717,p111,2021-01-27,false,conexiones
u1402,p3,2025-06-16,false,conexiones
u528,p253,2023-09-16,false,conexiones
u1001,p1268,2026-03-02,false,pública
u1766,p29,2026-01-09,true,pública
u106,p1413,2020-07-28,false,conexiones
u1577,p1526,2021-05-30,true,conexiones
u1074,p18,2024-06-13,true,conexiones
u528,p529,2021-09-02,true,conexiones
u1658,p844,2023-12-13,true,privada
u594,p1473,2021-07-23,true,pública
u1739,p144,2023-12-27,false,conexiones
u1656,p54,2023-03-17,false,pública
u624,p703,2022-12-07,true,conexiones
u117,p1204,2023-04-23,true,privada
u1058,p407,2021-08-14,true,privada
u1966,p648,2022-02-03,true,pública
u1394,p401,2021-03-08,true,pública
u156,p859,2026-04-20,false,pública
u1759,p694,2025-08-15,true,privada
u1848,p242,2026-08-26,false,conexiones
u173,p749,2022-05-28,true,conexiones
u949,p50,2020-04-17,false,pública
u437,p1164,2023-09-03,false,privada
u1393,p1080,2020-04-12,false,conexiones
u609,p848,2025-01-12,false,privada
u2014,p781,2020-07-20,true,privada
u1252,p243,2024-03-22,false,privada
u1855,p266,2020-05-21,true,conexiones
u88,p982,2024-07-25,true,privada
u480,p1604,2024-12-16,true,conexiones
u344,p82,2021-11-16,false,conexiones
u842,p97,2024-11-30,true,pública
u1053,p834,2026-01-15,true,conexiones
u2127,p117,2021-04-20,false,pública
u1710,p1435,2024-05-02,false,conexiones
u704,p86,2024-03-12,true,privada
u100,p270,2020-05-12,false,conexiones
u383,p642,2024-03-17,true,pública
u1949,p776,2023-11-20,false,conexiones
u853,p1643,2020-02-24,false,conexiones
u2049,p1314,2022-02-16,false,conexiones
u97,p140,2021-03-09,false,conexiones
u2130,p1201,2020-04-01,true,conexiones
u1375,p918,2026-03-01,true,pública
u775,p397,2023-06-04,true,privada
u121,p1690,2023-05-11,false,conexiones
u1564,p546,2020-03-31,false,pública
u1289,p351,2022-02-01,true,conexiones
u1619,p1443,2022-01-21,false,privada
u560,p671,2021-12-21,false,conexiones
u1411,p421,2023-06-27,true,privada
u2055,p1537,2024-05-31,true,pública
u1022,p1662,2025-06-17,false,pública
u1816,p106,2021-01-08,true,privada
u1851,p222,2026-04-27,true,conexiones
u392,p1188,2024-11-18,true,conexiones
u190,p1146,2022-12-06,true,conexiones
u1186,p695,2023-08-08,true,conexiones
u891,p1514,2021-10-13,true,privada
u1835,p604,2020-11-19,false,pública
u508,p265,2025-03-06,false,pública
u2076,p235,2020-06-21,true,privada
u1278,p127,2022-12-24,true,privada
u1960,p440,2021-02-02,true,pública
u385,p547,2026-03-05,false,pública
u1057,p795,2026-07-17,true,pública
u818,p125,2022-04-27,true,pública
u1308,p1522,2022-03-21,false,pública
u705,p95,2025-05-18,false,pública
u395,p397,2021-06-15,false,pública
u1708,p514,2021-07-01,true,pública
u1463,p256,2024-04-16,true,pública
u1649,p1188,2021-07-14,false,conexiones
u978,p531,2026-03-24,true,pública
u1232,p1515,2020-02-16,false,privada
u1341,p1627,2022-12-22,false,conexiones
u107,p1379,2021-10-20,false,privada
u1915,p140,2025-04-16,false,privada
u104,p194,2023-02-11,false,pública
u270,p615,2023-04-09,false,conexiones
u1676,p1200,2020-09-23,false,privada
u326,p586,2020-01-10,false,privada
u761,p1149,2024-06-20,false,privada
u1375,p82,2020-09-05,false,pública
u1452,p561,2023-11-09,true,conexiones
u944,p133,2021-11-24,true,privada
u939,p1551,2020-11-14,false,conexiones
u814,p340,2025-04-07,true,pública
u2057,p192,2024-03-25,true,conexiones
u1473,p605,2024-03-14,true,pública
u2143,p1044,2021-05-03,false,conexiones
u1825,p1475,2023-04-30,false,privada
u1290,p1236,2025-12-23,false,pública
u20,p980,2024-05-30,false,pública
u2140,p1229,2024-08-29,true,conexiones
u1539,p1367,2024-11-26,false,privada
u929,p338,2020-06-16,false,conexiones
u1289,p1209,2023-12-25,false,privada
u47,p771,2024-02-09,true,conexiones
u1374,p460,2025-08-19,true,conexiones
u987,p646,2024-01-22,true,conexiones
u1596,p1545,2026-06-10,false,privada
u820,p770,2021-01-08,true,pública
u378,p959,2020-10-09,true,conexiones
u36,p773,2024-03-26,true,conexiones
u534,p1028,2025-05-07,false,privada
u2043,p719,2023-03-23,true,privada
u95,p636,2022-11-11,true,privada
u1707,p576,2020-11-18,false,pública
u1103,p259,2023-09-11,false,pública
u428,p1206,2020-07-18,true,conexiones
u1248,p303,2024-05-09,true,conexiones
u1034,p1379,2022-11-30,true,privada
u2058,p354,2025-07-05,false,privada
u294,p496,2020-12-16,false,privada
u1385,p71,2026-08-17,true,privada
u49,p26,2024-06-21,true,pública
u1364,p73,2020-07-17,true,privada
u1769,p1264,2022-10-22,true,pública
u365,p388,2022-01-29,true,conexiones
u1383,p928,2020-03-16,false,conexiones
u190,p1153,2023-04-20,true,privada
u1257,p1328,2025-11-30,false,conexiones
u2012,p1237,2021-12-08,false,conexiones
u1164,p1312,2025-10-18,true,privada
u933,p102,2022-03-07,true,conexiones
u380,p1330,2026-09-20,true,conexiones
u324,p1210,2021-02-05,false,conexiones
u1634,p538,2022-08-13,true,conexiones
u534,p1253,2023-02-05,true,pública
u2161,p1354,2021-09-24,false,pública
u112,p1666,2026-02-04,true,conexiones
u915,p1256,2021-06-20,false,conexiones
u1228,p1169,2022-05-29,true,privada
u897,p636,2026-09-22,true,conexiones
u2074,p939,2020-03-17,true,conexiones
u6,p949,2022-09-01,false,privada
u12,p1186,2024-12-09,true,pública
u490,p924,2023-01-07,false,privada
u304,p631,2025-10-23,false,privada
u1761,p70,2020-04-02,false,pública
u1237,p847,2021-02-08,false,pública
u635,p1692,2024-03-25,false,privada
u1641,p844,2022-11-26,true,privada
u705,p782,2020-07-30,false,conexiones
u1001,p370,2023-11-09,false,privada
u1085,p600,2025-04-12,true,pública
u2110,p1114,2025-03-08,false,privada
u2098,p6,2020-07-27,true,conexiones
u1264,p1423,2025-03-19,false,pública
u717,p506,2025-12-31,true,privada
u919,p955,2026-09-28,false,conexiones
u67,p1679,2025-10-28,false,privada
u2143,p119,2020-12-20,false,privada
u1227,p620,2026-11-04,true,privada
u957,p1332,2023-11-22,false,pública
u645,p1142,2023-10-27,false,pública
u1789,p965,2026-02-06,true,conexiones
u871,p1534,2024-12-29,true,privada
u1312,p1608,2022-02-03,false,pública
u1164,p411,2022-06-23,false,conexiones
u588,p757,2024-02-29,false,privada
u148,p1560,2022-09-27,true,pública
u9,p1088,2020-02-24,false,conexiones
u2153,p74,2021-07-10,false,pública
u1107,p1004,2021-03-26,false,conexiones
u1250,p601,2023-03-11,true,pública
u2064,p736,2020-05-09,false,pública
u1685,p1479,2021-01-01,true,conexiones
u1910,p248,2025-03-24,false,pública
u1469,p787,2022-07-09,false,conexiones
u629,p1532,2023-07-30,false,pública
u1775,p101,2022-11-13,true,privada
u1948,p1094,2021-08-22,true,pública
u1833,p1668,2020-12-28,false,privada
u661,p239,2026-08-22,true,pública
u1475,p1178,2020-02-07,false,conexiones
u1439,p1165,2021-07-31,false,privada
u1607,p887,2024-12-03,true,conexiones
u61,p1232,2020-07-20,true,conexiones
u1812,p1013,2026-08-10,false,privada
u256,p808,2026-08-22,false,conexiones
u1688,p929,2026-01-11,true,conexiones
u1763,p934,2022-11-03,false,conexiones
u1797,p1383,2026-12-25,false,conexiones
u2070,p214,2023-06-13,true,conexiones
u1853,p495,2024-11-01,true,pública
u936,p485,2023-03-19,true,privada
u756,p48,2026-10-22,true,conexiones
u1205,p1118,2026-10-03,false,conexiones
u2152,p1431,2025-06-11,true,pública
u2082,p1561,2023-05-02,true,pública
u92,p257,2024-12-17,false,conexiones
u405,p1573,2026-01-31,false,pública
u139,p1094,2023-09-26,false,privada
u1050,p1400,2024-10-09,false,pública
u2119,p789,2024-01-22,true,conexiones
u1173,p248,2026-05-23,false,conexiones
u267,p1561,2024-02-01,true,conexiones
u545,p0,2020-11-25,true,conexiones
u967,p97,2026-03-05,true,privada
u1830,p194,2022-10-12,true,pública
u44,p1166,2023-02-24,false,privada
u678,p829,2026-10-14,false,pública
u82,p240,2021-06-26,true,pública
u2182,p1670,2021-09-18,false,pública
u465,p694,2020-01-10,false,conexiones
u1560,p1194,2025-01-19,true,conexiones
u1206,p1541,2021-08-06,true,conexiones
u1859,p1461,2022-07-22,false,pública
u583,p1382,2025-02-20,false,privada
u353,p361,2025-08-28,false,pública
u1322,p134,2024-08-28,true,privada
u1198,p1422,2020-08-03,false,conexiones
u1679,p1055,2023-03-20,true,privada
u1553,p377,2025-10-22,true,conexiones
u1433,p741,2024-02-21,false,pública
u1528,p722,2022-03-25,false,privada
u1858,p1017,2021-10-23,true,pública
u1590,p607,2020-11-28,true,privada
u771,p1623,2023-01-04,false,privada
u156,p54,2021-05-28,false,pública
u1042,p1684,2024-10-30,false,privada
u1726,p1537,2020-07-20,false,pública
u2179,p900,2024-12-11,true,pública
u1274,p357,2026-02-02,false,pública
u1947,p125,2025-08-21,true,pública
u1548,p521,2025-10-05,false,privada
u1587,p199,2023-11-23,true,conexiones
u626,p762,2025-08-24,false,conexiones
u1212,p1572,2020-01-12,false,privada
u881,p1206,2024-09-26,false,privada
u1891,p113,2022-06-08,true,pública
u2158,p207,2022-07-29,true,privada
u431,p1127,2023-01-28,false,pública
u1121,p1397,2022-05-23,true,privada
u278,p339,2025-12-10,false,privada
u676,p1567,2025-10-14,false,conexiones
u490,p522,2024-02-14,true,conexiones
u196,p737,2023-10-05,true,conexiones
u601,p571,2024-05-24,true,conexiones
u2118,p328,2024-07-17,false,pública
u715,p796,2026-12-07,false,conexiones
u917,p873,2024-07-18,false,pública
u819,p980,2022-12-10,false,privada
u2120,p562,2022-02-24,true,conexiones
u580,p812,2025-08-04,true,pública
u1489,p1272,2025-09-24,true,pública
u24,p1480,2021-04-23,true,privada
u1690,p684,2023-04-30,true,privada
u1472,p1214,2020-10-02,false,privada
u1672,p500,2020-07-02,false,conexiones
u1899,p134,2022-05-19,false,privada
u136,p673,2023-09-04,true,pública
u1975,p65,2022-04-09,true,pública
u1431,p572,2026-02-20,true,privada
u183,p1477,2022-09-17,true,privada
u1359,p289,2022-02-08,true,conexiones
u823,p734,2024-06-19,false,conexiones
u976,p393,2024-07-07,false,pública
u251,p212,2026-10-12,false,privada
u320,p605,2020-11-03,false,privada
u369,p317,2023-01-25,true,pública
u541,p923,2023-08-29,false,privada
u1862,p752,2024-06-22,false,privada
u986,p903,2025-05-31,true,conexiones
u1619,p881,2021-02-16,true,privada
u1818,p1171,2026-03-28,false,privada
u1071,p401,2022-06-12,false,conexiones
u1463,p1178,2026-12-20,false,conexiones
u1905,p1220,2024-10-07,false,privada
u288,p604,2026-05-01,false,privada
u1786,p1554,2025-12-20,true,pública
u43,p540,2024-10-30,false,conexiones
u1507,p957,2025-07-29,true,privada
u509,p1332,2026-07-15,true,pública
u2052,p414,2020-09-22,true,conexiones
u2139,p1089,2023-04-07,false,conexiones
u949,p1636,2025-11-16,true,conexiones
u18,p417,2025-02-02,false,privada
u1316,p992,2022-08-16,false,conexiones
u1199,p432,2021-02-17,true,conexiones
u1734,p895,2024-08-09,true,conexiones
u602,p288,2025-03-05,false,pública
u2002,p818,2022-01-10,true,privada
u272,p1153,2021-10-29,true,privada
u1301,p1018,2025-09-24,false,conexiones
u584,p349,2021-06-13,false,pública
u1458,p44,2020-11-22,true,conexiones
u2187,p978,2024-07-24,true,pública
u564,p1110,2024-04-02,false,pública
u163,p1642,2023-06-16,true,pública
u2042,p1698,2024-12-22,false,pública
u1023,p1328,2020-02-05,false,privada
u480,p48,2023-07-27,true,privada
u1268,p1624,2026-05-02,false,conexiones
u632,p766,2023-05-25,true,pública
u689,p1263,2022-09-13,true,pública
u692,p76,2023-03-16,true,conexiones
u1398,p1246,2021-02-04,true,pública
u1837,p539,2026-01-15,false,conexiones
u518,p1668,2023-06-19,true,conexiones
u388,p772,2026-11-15,false,conexiones
u519,p1091,2026-12-09,true,conexiones
u1766,p1029,2022-08-04,true,pública
u109,p1350,2026-07-22,false,privada
u1698,p278,2025-01-01,true,pública
u256,p390,2020-05-07,true,conexiones
u726,p439,2025-04-17,true,privada
u1124,p467,2023-04-01,true,pública
u676,p125,2024-10-12,true,privada
u1305,p1573,2023-12-09,true,privada
u83,p213,2026-02-27,true,pública
u1874,p166,2020-09-09,true,conexiones
u1382,p1438,2022-12-29,false,privada
u499,p544,2021-03-26,true,privada
u1942,p1152,2025-10-22,true,conexiones
u1261,p273,2025-02-11,true,conexiones
u906,p1494,2022-06-22,false,pública
u249,p440,2022-06-02,false,privada
u1739,p1600,2024-11-19,true,privada
u1995,p756,2024-06-26,false,privada
u732,p684,2023-12-09,false,pública
u2108,p28,2021-07-08,true,conexiones
u948,p1244,2020-09-07,false,conexiones
u632,p1495,2025-05-06,true,privada
u839,p249,2024-07-03,true,pública
u1177,p1566,2022-12-19,false,conexiones
u359,p1674,2020-11-08,true,conexiones
u2005,p1199,2024-06-05,false,pública
u1256,p414,2022-01-27,false,conexiones
u1090,p1434,2022-05-12,false,conexiones
u1796,p628,2020-04-29,true,pública
u1125,p353,2026-04-20,false,pública
u730,p219,2022-01-28,true,conexiones
u268,p202,2021-06-26,true,privada
u1107,p1384,2025-02-08,false,privada
u116,p162,2022-06-27,false,conexiones
u1843,p1189,2022-10-07,true,conexiones
u848,p671,2021-12-13,true,privada
u1128,p1513,2026-02-03,false,pública
u1912,p997,2022-02-22,false,conexiones
u1194,p1210,2021-11-07,false,pública
u1702,p422,2024-10-22,true,conexiones
u2149,p488,2026-04-12,true,pública
u1354,p438,2022-01-15,true,conexiones
u1462,p1601,2025-01-17,false,conexiones
u37,p966,2026-05-13,false,conexiones
u2177,p905,2022-03-22,true,conexiones
u678,p1227,2021-01-29,true,privada
u1217,p159,2026-04-26,false,pública
u2158,p1015,2020-05-01,true,privada
u1745,p1026,2024-06-30,false,conexiones
u2010,p81,2026-11-22,true,conexiones
u1186,p1436,2020-09-17,false,pública
u1186,p1309,2020-08-12,false,conexiones
u167,p508,2025-10-28,false,pública
u1208,p933,2023-12-09,false,privada
u2114,p1261,2021-12-05,true,conexiones
u461,p1622,2021-09-14,false,pública
u610,p602,2020-08-11,false,conexiones
u843,p805,2020-12-11,false,privada
u1185,p751,2024-10-04,false,conexiones
u874,p1634,2025-04-08,true,privada
u1989,p300,2024-04-23,false,privada
u2150,p1014,2020-05-12,false,conexiones
u237,p1579,2025-07-05,true,pública
u951,p106,2024-10-21,false,pública
u1869,p532,2025-07-19,false,privada
u1437,p1621,2025-05-10,false,pública
u478,p1444,2020-04-05,true,pública
u1572,p173,2022-04-14,true,pública
u1004,p1170,2023-08-21,false,privada
u2147,p1634,2021-12-17,false,pública
u839,p123,2022-02-15,true,conexiones
u662,p753,2025-06-22,false,pública
u68,p294,2024-05-21,true,privada
u62,p14,2021-05-12,true,pública
u1975,p113,2026-04-12,true,conexiones
u2124,p145,2026-06-09,true,privada
u228,p233,2023-04-22,true,conexiones
u1016,p189,2024-09-20,true,conexiones
u200,p1145,2026-05-12,true,privada
u1967,p537,2023-08-19,true,privada
u1485,p958,2023-02-18,false,privada
u515,p1656,2021-01-02,false,conexiones
u1103,p1477,2025-08-20,false,pública
u534,p413,2025-10-07,true,conexiones
u745,p1506,2025-01-09,true,pública
u1281,p23,2026-12-29,true,privada
u1134,p286,2021-07-08,true,conexiones
u423,p771,2022-06-09,false,conexiones
u1008,p665,2021-04-15,false,pública
u1725,p1357,2026-06-17,true,pública
u307,p205,2023-07-26,true,privada
u162,p1434,2025-09-01,true,conexiones
u1213,p1621,2025-10-10,true,pública
u1143,p603,2022-06-17,true,privada
u1212,p974,2025-10-07,false,privada
u1516,p154,2026-08-21,false,conexiones
u557,p678,2025-10-12,false,privada
u578,p960,2023-07-06,true,privada
u1075,p1230,2021-03-29,true,conexiones
u319,p650,2026-07-06,true,privada
u2120,p1029,2024-06-18,false,conexiones
u1631,p484,2024-10-13,false,pública
u847,p1121,2023-11-22,true,privada
u1227,p87,2021-09-10,true,privada
u1987,p1331,2022-09-12,false,conexiones
u871,p672,2020-02-07,true,pública
u1825,p149,2025-07-24,true,pública
u1823,p585,2023-11-28,true,pública
u402,p561,2023-12-31,true,pública
u362,p732,2026-01-09,true,privada
u372,p601,2026-02-09,true,pública
u215,p302,2026-06-14,false,privada
u1921,p1028,2023-06-24,true,conexiones
u85,p1230,2020-05-29,false,pública
u17,p191,2022-07-19,true,privada
u1466,p909,2025-01-01,false,pública
u373,p812,2023-03-27,true,conexiones
u980,p1177,2021-12-23,false,privada
u1363,p1351,2021-11-25,true,conexiones
u1022,p1380,2020-08-17,true,privada
u1882,p1560,2022-09-27,true,privada
u543,p1040,2020-07-05,false,pública
u1965,p178,2024-11-06,true,conexiones
u200,p308,2026-12-21,false,pública
u1757,p1019,2020-12-22,false,privada
u1048,p637,2023-08-29,false,pública
u1509,p819,2021-05-11,false,pública
u1487,p1397,2024-09-13,false,pública
u1650,p1031,2021-11-06,false,conexiones
u137,p112,2024-04-15,true,conexiones
u803,p746,2024-05-02,true,pública
u1014,p30,2026-05-11,false,conexiones
u1648,p923,2026-04-17,false,conexiones
u609,p288,2023-03-14,true,conexiones
u734,p717,2022-06-28,false,privada
u1604,p865,2026-07-21,false,privada
u341,p216,2026-03-22,false,conexiones
u223,p1119,2021-04-18,false,conexiones
u1880,p1634,2026-09-02,false,pública
u780,p398,2021-12-25,false,conexiones
u870,p1266,2023-08-29,true,pública
u669,p184,2021-11-04,true,privada
u373,p1615,2022-10-09,false,pública
u1448,p756,2020-10-16,true,conexiones
u167,p914,2024-08-10,false,conexiones
u328,p917,2022-02-13,true,pública
u1008,p811,2025-08-16,false,pública
u1365,p175,2024-08-18,false,privada
u580,p4,2021-05-04,true,conexiones
u465,p1383,2021-08-07,true,pública
u1105,p557,2025-08-02,false,privada
u814,p1077,2023-10-09,true,conexiones
u223,p1187,2022-08-06,true,conexiones
u547,p976,2020-10-24,true,conexiones
u194,p1208,2020-06-25,false,pública
u1872,p138,2022-04-11,false,conexiones
u613,p1003,2023-09-23,false,pública
u1025,p1350,2022-04-18,true,conexiones
u1018,p295,2023-09-04,false,privada
u233,p581,2022-03-18,false,conexiones
u404,p198,2021-11-04,true,privada
u1872,p76,2020-10-12,false,privada
u112,p359,2022-11-03,true,conexiones
u129,p843,2025-01-24,false,privada
u259,p1140,2023-07-15,false,pública
u379,p1295,2020-10-25,false,pública
u1951,p593,2022-01-26,true,privada
u291,p516,2021-01-11,false,conexiones
u529,p394,2024-09-30,false,pública
u68,p1341,2023-04-20,false,conexiones
u903,p1293,2022-10-11,false,privada
u962,p1438,2022-11-16,true,conexiones
u1351,p780,2024-05-03,true,pública
u406,p1690,2022-02-07,false,privada
u1246,p484,2022-01-26,false,pública
u218,p435,2023-02-14,true,privada
u749,p1104,2024-05-20,true,conexiones
u681,p1185,2020-10-20,false,conexiones
u667,p1277,2026-02-02,false,privada
u1627,p169,2025-08-15,false,privada
u247,p370,2025-12-12,false,pública
u798,p415,2025-08-02,true,conexiones
u829,p841,2023-07-31,true,privada
u1448,p1232,2023-03-04,false,privada
u1777,p94,2022-09-22,true,pública
u1066,p98,2026-10-05,false,privada
u1172,p78,2022-09-11,false,privada
u2114,p568,2021-02-22,true,pública
u1213,p403,2026-01-24,false,conexiones
u990,p1376,2026-06-09,true,privada
u1914,p676,2021-09-02,false,pública
u917,p991,2025-07-30,false,conexiones
u1360,p1107,2023-08-24,true,privada
u935,p503,2024-03-18,false,conexiones
u1291,p423,2025-12-21,false,conexiones
u764,p1322,2024-10-03,true,privada
u326,p693,2023-02-07,true,privada
u1371,p463,2020-08-10,false,pública
u2067,p1386,2025-08-17,false,pública
u495,p1546,2024-12-29,true,pública
u822,p1496,2022-02-22,true,pública
u1421,p441,2025-04-14,true,pública
u33,p997,2023-05-05,true,conexiones
u707,p1403,2021-12-12,true,privada
u1656,p1643,2025-12-12,true,conexiones
u1448,p1172,2022-02-14,true,privada
u515,p816,2022-04-30,true,conexiones
u50,p1380,2022-10-08,false,privada
u560,p914,2024-04-11,true,privada
u999,p1567,2026-11-22,true,pública
u1174,p1191,2025-08-11,false,pública
u163,p766,2025-03-04,true,conexiones
u1107,p985,2025-04-15,true,conexiones
u110,p283,2025-01-20,true,pública
u619,p331,2022-11-27,true,pública
u1178,p731,2026-04-13,true,pública
u1460,p1547,2025-11-07,false,privada
u755,p690,2022-08-19,false,conexiones
u2078,p1142,2021-03-17,false,conexiones
u1254,p1524,2026-08-17,true,privada
u1558,p1143,2025-09-11,true,conexiones
u1757,p334,2024-10-14,false,privada
u253,p1569,2025-08-04,false,conexiones
u884,p1199,2025-07-10,true,pública
u249,p327,2025-05-14,true,privada
u1024,p1070,2024-03-09,false,privada
u1464,p1494,2022-12-10,true,conexiones
u442,p208,2024-07-03,false,conexiones
u2157,p1459,2022-05-09,true,conexiones
u10,p538,2026-11-27,false,privada
u1415,p1132,2022-04-13,true,privada
u529,p1165,2021-07-27,false,pública
u124,p296,2026-09-19,false,conexiones
u2017,p1119,2023-04-07,true,pública
u1126,p329,2020-09-17,false,conexiones
u798,p211,2024-01-31,true,privada
u77,p65,2020-03-08,true,pública
u1921,p917,2024-05-02,false,pública
u1798,p231,2026-12-26,false,conexiones
u1760,p1691,2021-10-22,false,pública
u528,p171,2025-04-25,false,privada
u177,p422,2026-11-28,true,pública
u889,p1100,2022-12-31,true,pública
u2079,p1440,2023-03-24,false,privada
u894,p1443,2025-03-05,true,privada
u555,p845,2022-04-08,false,conexiones
u902,p562,2022-09-09,true,pública
u1379,p598,2023-02-08,false,pública
u2016,p1012,2023-11-08,false,conexiones
u812,p1008,2020-03-11,false,privada
u1487,p1300,2023-06-17,false,privada
u1406,p1216,2024-11-24,true,pública
u1082,p1631,2023-06-03,false,pública
u21,p806,2020-01-10,true,privada
u151,p343,2021-06-01,false,privada
u1407,p787,2024-09-26,false,conexiones
u78,p392,2021-08-30,false,conexiones
u33,p655,2024-08-28,false,privada
u1512,p282,2026-12-13,false,privada
u1833,p1461,2025-12-09,true,conexiones
u1100,p1351,2022-09-21,false,privada
u350,p811,2023-07-08,true,privada
u221,p943,2025-01-04,true,conexiones
u1316,p1510,2021-01-29,true,pública
u524,p668,2024-07-27,true,conexiones
u176,p1084,2022-08-09,false,privada
u879,p1415,2026-12-08,false,privada
u1060,p77,2026-09-23,false,pública
u1975,p1204,2022-11-06,false,privada
u1196,p1251,2023-10-31,true,privada
u769,p126,2020-07-16,false,pública
u1785,p1125,2021-09-21,false,pública
u1637,p482,2023-12-02,true,pública
u754,p1017,2025-07-01,false,conexiones
u1321,p958,2024-07-15,true,conexiones
u26,p138,2025-10-27,false,pública
u2151,p190,2021-09-12,false,pública
u960,p1422,2023-10-01,false,privada
u1577,p572,2020-02-05,true,conexiones
u967,p1675,2022-07-12,false,conexiones
u1852,p1122,2024-02-02,true,pública
u1238,p577,2026-05-30,true,pública
u1763,p177,2020-07-20,true,conexiones
u1120,p1101,2025-11-17,false,conexiones
u1322,p308,2021-07-26,false,pública
u2190,p713,2021-04-11,false,privada
u393,p1209,2024-03-14,false,pública
u1070,p233,2023-06-02,false,privada
u1056,p646,2022-10-08,false,pública
u386,p265,2022-03-16,true,pública
u590,p222,2024-02-19,true,conexiones
u1430,p239,2022-09-18,false,privada
u557,p1340,2023-05-30,false,privada
u424,p308,2020-08-26,false,pública
u97,p674,2026-08-07,true,privada
u1841,p1025,2023-03-20,true,privada
u1024,p1031,2025-06-24,false,conexiones
u1320,p767,2026-04-20,false,conexiones
u480,p483,2022-10-18,false,pública
u910,p1278,2021-01-05,true,conexiones
u1513,p975,2024-04-06,true,pública
u1571,p688,2025-03-17,true,pública
u760,p1348,2024-10-24,true,privada
u2059,p1218,2020-06-20,false,conexiones
u953,p1032,2024-04-01,false,privada
u907,p368,2024-08-11,true,privada
u120,p1019,2021-08-10,true,pública
u468,p327,2023-03-05,false,conexiones
u172,p766,2022-07-18,false,pública
u1730,p104,2022-10-28,false,conexiones
u1675,p993,2022-10-05,false,pública
u1853,p547,2024-04-05,false,conexiones
u261,p1576,2020-09-29,true,pública
u1822,p403,2024-11-19,true,pública
u1888,p1284,2024-03-01,false,conexiones
u1072,p261,2020-10-04,false,pública
u141,p1595,2026-02-22,true,conexiones
u2150,p847,2023-02-28,true,pública
u1334,p855,2022-04-27,true,privada
u1963,p1012,2022-02-11,true,conexiones
u1806,p830,2024-03-10,true,privada
u1310,p386,2025-09-04,false,privada
u799,p35,2024-08-17,true,pública
u1508,p470,2026-06-25,true,privada
u482,p50,2021-03-06,false,pública
u1904,p1183,2021-04-12,false,privada
u1882,p1600,2023-03-23,true,conexiones
u973,p1686,2024-06-21,true,pública
u51,p763,2021-09-12,false,privada
u1808,p304,2021-12-04,true,privada
u1281,p236,2022-10-20,true,privada
u1274,p1695,2022-09-15,true,conexiones
u1551,p258,2025-08-23,false,conexiones
u456,p347,2025-05-18,false,privada
u597,p405,2021-09-18,true,pública
u428,p781,2025-06-02,false,conexiones
u1649,p1251,2026-07-04,true,pública
u269,p1351,2020-02-12,false,conexiones
u1302,p591,2021-01-23,false,pública
u1520,p1477,2021-05-20,false,privada
u1203,p882,2022-05-30,false,pública
u100,p1215,2026-07-08,true,privada
u253,p1335,2020-11-29,false,conexiones
u2065,p1582,2021-12-29,false,pública
u58,p665,2024-07-05,false,pública
u1004,p53,2025-01-11,true,pública
u2113,p1571,2022-12-06,false,privada
u1519,p1072,2022-12-10,true,conexiones
u321,p1091,2021-06-10,false,pública
u641,p1391,2021-06-03,false,pública
u2093,p312,2021-05-10,false,pública
u778,p1434,2021-02-24,true,conexiones
u1270,p1620,2021-09-16,true,privada
u1445,p1227,2022-06-21,true,conexiones
u2111,p530,2020-05-27,false,conexiones
u132,p1543,2022-04-06,false,conexiones
u1775,p926,2021-11-18,true,privada
u725,p618,2025-12-31,false,privada
u4,p206,2025-07-30,true,conexiones
u790,p1103,2023-11-11,false,pública
u1443,p1048,2024-04-10,false,privada
u1186,p1376,2026-01-03,true,pública
u87,p629,2022-04-09,true,privada
u72,p1681,2026-07-14,true,conexiones
u1527,p1356,2026-01-28,false,conexiones
u561,p482,2025-03-22,true,conexiones
u474,p1304,2026-03-04,true,pública
u1150,p1502,2021-07-26,true,pública
u1995,p374,2022-07-12,true,pública
u174,p434,2021-01-17,true,privada
u795,p1203,2026-08-19,false,conexiones
u572,p1343,2024-08-22,false,pública
u1445,p663,2020-09-11,false,privada
u598,p1008,2022-10-07,false,pública
u1568,p1039,2025-01-24,true,pública
u525,p160,2021-11-12,true,privada
u605,p356,2024-01-03,false,conexiones
u1301,p757,2021-09-26,true,conexiones
u1855,p1060,2022-09-02,false,conexiones
u1412,p4,2026-03-22,false,pública
u1795,p1633,2024-06-30,false,privada
u1590,p1264,2023-03-22,true,pública
u847,p1221,2022-07-07,true,privada
u387,p1399,2022-04-18,true,pública
u657,p18,2025-02-25,false,privada
u816,p307,2020-06-27,true,conexiones
u986,p1388,2023-08-17,true,conexiones
u1027,p342,2021-09-26,true,pública
u496,p309,2021-07-19,true,conexiones
u228,p964,2025-09-10,true,conexiones
u1960,p460,2024-08-10,false,conexiones
u562,p716,2025-07-09,false,privada
u976,p1400,2022-02-03,true,pública
u51,p900,2023-02-07,true,pública
u764,p569,2024-08-19,false,privada
u602,p842,2026-02-07,true,pública
u763,p538,2024-03-28,false,privada
u1236,p1111,2024-03-27,false,conexiones
u1033,p1198,2025-09-09,true,privada
u1046,p1153,2024-11-29,true,pública
u561,p724,2026-07-12,true,conexiones
u1792,p656,2025-01-30,true,pública
u799,p1325,2022-07-30,false,conexiones
u560,p899,2020-12-11,false,pública
u984,p1524,2022-03-04,false,pública
u877,p849,2026-02-02,true,conexiones
u1309,p1671,2023-01-07,true,pública
u790,p565,2022-09-22,true,conexiones
u1845,p1543,2026-04-24,false,pública
u718,p353,2025-04-16,false,pública
u920,p1590,2023-02-10,false,pública
u1214,p1660,2020-04-17,false,privada
u617,p260,2024-03-19,true,privada
u1524,p740,2020-02-06,false,conexiones
u441,p355,2026-01-31,false,pública
u1994,p448,2021-07-25,true,conexiones
u1954,p130,2024-08-05,true,pública
u1754,p1159,2026-11-21,true,pública
u1738,p1625,2020-07-10,false,privada
u912,p215,2025-07-24,true,pública
u1254,p786,2024-03-28,false,privada
u550,p3,2022-01-24,false,privada
u379,p965,2026-08-10,true,privada
u1924,p403,2025-03-29,true,privada
u628,p1415,2022-08-24,true,privada
u824,p66,2023-03-04,true,pública
u302,p1685,2021-06-03,true,privada
u506,p1472,2025-08-14,false,conexiones
u1746,p1298,2026-01-16,true,conexiones
u1467,p1663,2021-05-10,false,privada
u942,p964,2024-12-12,false,pública
u2177,p404,2020-11-30,false,privada
u1117,p75,2025-06-20,false,conexiones
u2194,p837,2021-08-31,false,pública
u334,p1295,2021-08-11,false,privada
u159,p816,2021-03-10,true,pública
u1612,p1285,2024-02-07,false,pública
u1976,p726,2020-09-18,false,privada
u215,p601,2022-07-19,false,pública
u1294,p445,2021-12-31,true,pública
u1522,p932,2020-08-19,true,pública
u1743,p1208,2021-11-22,true,privada
u1323,p1205,2026-08-22,true,conexiones
u1913,p308,2026-05-21,false,conexiones
u1469,p768,2021-05-28,true,conexiones
u574,p250,2020-10-14,true,pública
u259,p532,2023-05-30,true,conexiones
u685,p823,2022-08-04,false,privada
u315,p618,2021-06-26,true,pública
u1022,p557,2025-08-17,true,pública
u1134,p1583,2024-04-17,true,privada
u294,p266,2025-12-21,true,privada
u1608,p637,2025-10-28,true,pública
u8,p118,2020-01-02,true,pública
u926,p1395,2021-08-17,true,conexiones
u186,p1084,2025-05-01,false,pública
u899,p464,2021-04-22,false,pública
u2099,p272,2026-06-17,true,pública
u2077,p1367,2021-04-05,false,conexiones
u1584,p1409,2023-08-22,false,privada
u354,p1503,2026-08-12,false,privada
u1516,p1181,2026-11-12,true,privada
u1320,p1532,2021-02-16,false,pública
u2110,p779,2021-04-11,false,pública
u366,p1575,2021-08-03,true,conexiones
u416,p73,2023-09-07,false,privada
u1359,p1044,2025-06-23,true,pública
u1469,p1686,2021-10-18,true,conexiones
u1538,p751,2025-02-28,false,pública
u469,p1512,2026-11-11,false,pública
u2190,p548,2021-05-14,true,pública
u1798,p766,2021-10-31,true,conexiones
u1923,p1120,2025-07-27,true,pública
u2141,p184,2025-06-30,false,pública
u161,p1531,2020-03-09,true,conexiones
u1654,p422,2024-06-22,false,conexiones
u1526,p68,2025-03-18,true,conexiones
u1590,p851,2022-05-27,true,privada
u831,p880,2022-10-19,true,privada
u960,p639,2022-12-30,true,privada
u1424,p624,2022-03-15,true,privada
u1083,p625,2026-03-30,true,privada
u862,p740,2024-11-19,false,conexiones
u662,p696,2023-06-12,true,conexiones
u134,p93,2020-01-24,false,privada
u518,p1643,2023-06-02,true,conexiones
u369,p368,2023-11-04,true,pública
u1928,p1510,2020-08-12,false,pública
u1847,p1350,2023-08-31,true,conexiones
u1033,p1506,2020-05-06,true,conexiones
u2003,p1459,2026-05-19,true,pública
u316,p764,2022-04-02,false,pública
u363,p681,2020-11-08,false,pública
u1160,p607,2024-07-11,true,conexiones
u579,p1022,2025-05-25,false,privada
u1149,p504,2023-12-02,true,privada
u479,p357,2024-10-06,true,privada
u257,p1372,2020-12-25,true,privada
u1768,p1066,2020-04-28,false,conexiones
u881,p1555,2022-01-01,true,privada
u817,p797,2026-04-21,true,privada
u134,p778,2020-01-15,true,conexiones
u1179,p1139,2022-07-05,false,privada
u1683,p1107,2023-12-11,false,pública
u559,p1368,2020-06-23,true,pública
u1417,p715,2025-02-03,false,conexiones
u2067,p1170,2026-04-30,false,pública
u1043,p728,2024-09-04,false,pública
u765,p1251,2021-08-08,false,privada
u2034,p1027,2026-11-11,false,pública
u1201,p1051,2020-01-26,true,pública
u296,p697,2021-05-22,true,pública
u848,p818,2024-05-16,true,conexiones
u1080,p85,2020-08-09,false,conexiones
u218,p211,2022-03-11,true,pública
u1217,p1017,2026-08-10,false,conexiones
u868,p1116,2022-06-01,false,conexiones
u634,p1192,2025-06-13,false,pública
u614,p360,2026-10-13,false,pública
u1514,p1081,2022-07-26,true,pública
u1335,p378,2025-08-25,false,privada
u1325,p621,2023-12-13,false,privada
u1565,p1473,2024-03-10,true,privada
u531,p16,2021-01-04,false,pública
u867,p1385,2026-10-29,true,conexiones
u2121,p804,2022-02-11,false,conexiones
u2090,p1682,2020-11-11,true,conexiones
u483,p937,2023-06-07,true,pública
u1922,p585,2024-02-28,true,pública
u1400,p153,2020-11-22,true,privada
u1238,p1032,2021-07-23,false,privada
u1975,p53,2023-01-13,false,pública
u256,p937,2020-04-29,false,pública
u2093,p522,2024-02-01,true,conexiones
u219,p765,2022-08-17,true,pública
u255,p1522,2022-04-08,true,pública
u1275,p1282,2023-08-13,true,privada
u546,p1558,2023-04-29,false,pública
u1273,p354,2023-10-08,false,pública
u1470,p468,2025-09-03,false,conexiones
u2010,p187,2022-06-10,false,conexiones
u1749,p1602,2024-12-03,false,conexiones
u1721,p842,2020-04-11,true,conexiones
u1252,p794,2025-11-08,true,pública
u1235,p794,2025-11-22,true,conexiones
u1729,p573,2024-10-03,false,pública
u1591,p162,2025-07-24,false,pública
u1563,p291,2020-05-31,false,privada
u1162,p1664,2020-11-12,true,pública
u18,p596,2021-09-21,false,privada
u1877,p1505,2024-12-31,true,conexiones
u490,p1356,2021-01-09,false,pública
u2002,p1308,2026-01-12,true,pública
u21,p381,2021-03-04,true,privada
u360,p628,2025-10-20,false,privada
u2157,p1188,2025-12-28,true,pública
u1839,p254,2022-09-05,false,privada
u2013,p1643,2023-04-29,false,pública
u252,p11,2023-12-20,true,pública
u611,p1226,2021-06-18,true,conexiones
u1470,p1541,2023-10-30,true,pública
u1557,p774,2026-05-27,true,pública
u2174,p1018,2022-10-20,true,privada
u338,p397,2026-01-29,true,conexiones
u1940,p251,2024-01-18,true,privada
u1457,p1475,2024-01-25,true,privada
u454,p390,2026-09-29,false,pública
u1313,p653,2026-01-25,true,privada
u1183,p1381,2022-11-01,true,privada
u1283,p370,2022-10-28,true,privada
u2163,p1491,2021-12-06,false,privada
u585,p1035,2022-04-11,true,conexiones
u923,p996,2021-05-20,true,privada
u883,p1468,2023-05-11,true,conexiones
u1424,p707,2023-05-29,true,conexiones
u359,p355,2026-09-26,true,privada
u984,p1157,2021-03-24,true,privada
u361,p1341,2024-12-06,false,pública
u811,p182,2024-08-25,true,privada
u1134,p1033,2025-11-19,false,privada
u1219,p1477,2025-02-17,false,privada
u1298,p1573,2025-03-22,true,privada
u1350,p1515,2021-08-01,false,privada
u708,p1179,2020-09-22,true,pública
u2142,p1098,2024-03-23,true,conexiones
u754,p815,2026-02-02,false,privada
u643,p740,2020-03-07,false,pública
u1528,p102,2026-04-04,false,privada
u2175,p1504,2023-07-19,false,pública
u1926,p1679,2020-10-13,false,conexiones
u1,p985,2023-04-21,true,conexiones
u541,p19,2025-02-04,true,privada
u488,p298,2020-09-02,true,pública
u689,p5,2021-09-01,false,privada
u1978,p569,2025-02-09,true,pública
u850,p756,2020-03-21,true,pública
u2034,p1654,2025-09-19,false,privada
u541,p1310,2026-01-22,false,privada
u1837,p385,2023-01-04,false,pública
u2089,p231,2026-01-10,true,privada
u1828,p428,2022-06-09,false,pública
u1687,p1522,2022-04-26,true,conexiones
u1177,p513,2020-10-29,true,pública
u1551,p1243,2024-07-06,false,conexiones
u1478,p1487,2021-10-02,false,conexiones
u1459,p203,2020-06-23,true,privada
u26,p1659,2021-11-04,true,pública
u753,p1383,2023-09-26,false,privada
u1947,p1035,2024-07-01,false,pública
u934,p1375,2021-12-19,false,conexiones
u1696,p1668,2025-02-13,true,conexiones
u2050,p951,2024-12-16,true,pública
u1566,p1469,2025-04-12,false,pública
u2037,p671,2023-12-05,false,conexiones
u1512,p1226,2021-10-05,false,conexiones
u1685,p1056,2023-05-26,true,privada
u2062,p42,2021-11-02,false,conexiones
u641,p1491,2021-01-08,true,conexiones
u622,p281,2026-05-07,false,privada
u1418,p1229,2021-01-08,false,pública
u1236,p473,2024-08-22,true,pública
u2005,p955,2026-01-23,false,pública
u851,p1699,2022-03-25,false,pública
u1822,p3,2023-05-26,true,pública
u145,p132,2020-03-06,false,privada
u882,p820,2026-07-23,false,pública
u298,p253,2023-12-26,false,pública
u88,p1246,2024-11-09,false,privada
u1953,p796,2022-09-28,false,pública
u1639,p1396,2021-08-24,false,privada
u320,p1426,2024-05-10,false,pública
u10,p878,2022-11-03,true,privada
u701,p922,2022-06-13,true,pública
u70,p793,2021-12-21,false,privada
u1047,p360,2020-03-29,false,conexiones
u1449,p1669,2021-11-21,true,pública
u233,p217,2026-05-13,true,conexiones
u858,p1687,2022-11-03,false,conexiones
u1983,p770,2025-07-27,true,privada
u2073,p957,2022-04-11,false,privada
u1052,p978,2020-07-01,false,conexiones
u871,p1132,2020-03-08,false,pública
u1752,p1699,2021-11-15,true,privada
u185,p208,2023-03-07,false,conexiones
u1957,p518,2022-04-15,true,privada
u2197,p1305,2024-09-10,true,pública
u664,p1297,2020-03-25,true,pública
u893,p946,2020-03-29,true,privada
u1305,p814,2022-12-17,true,pública
u581,p1079,2022-11-04,true,pública
u661,p140,2024-09-21,true,privada
u426,p1333,2020-03-04,false,pública
u0,p303,2022-06-09,true,pública
u1444,p855,2026-02-08,true,privada
u1916,p1478,2022-08-08,true,conexiones
u853,p1124,2021-07-27,true,pública
u716,p915,2026-12-14,false,privada
u1761,p345,2024-07-29,false,pública
u787,p1425,2022-09-13,false,conexiones
u634,p482,2026-05-08,true,privada
u686,p1460,2021-04-21,true,privada
u1880,p610,2021-02-04,true,pública
u696,p109,2026-06-01,false,pública
u1494,p1607,2026-01-30,false,privada
u1863,p288,2020-03-27,false,conexiones
u707,p599,2025-05-23,true,privada
u529,p999,2024-04-25,false,pública
u363,p1547,2023-06-10,true,pública
u237,p1621,2020-10-27,false,conexiones
u768,p1513,2023-10-02,false,conexiones
u2062,p1206,2022-11-30,false,privada
u1723,p967,2023-03-18,true,conexiones
u1323,p1022,2021-03-06,true,pública
u1784,p105,2025-10-17,false,conexiones
u166,p321,2026-08-08,true,privada
u1451,p14,2022-08-15,true,conexiones
u1034,p911,2026-06-01,true,conexiones
u276,p983,2021-04-14,false,pública
u16,p1475,2021-09-28,true,conexiones
u1897,p508,2020-10-07,true,privada
u1380,p106,2020-10-12,true,privada
u1126,p984,2020-12-15,true,pública
u1980,p1628,2023-04-15,true,conexiones
u1104,p1411,2021-09-05,true,privada
u1513,p952,2020-03-05,true,pública
u2000,p662,2024-08-20,true,pública
u333,p63,2022-10-16,false,pública
u2074,p458,2025-07-29,true,conexiones
u1397,p1400,2024-03-07,true,conexiones
u1098,p1609,2022-11-22,true,privada
u1102,p1477,2025-01-17,false,privada
u1027,p1413,2021-01-04,false,conexiones
u1933,p509,2026-02-06,false,conexiones
u728,p1619,2025-02-03,false,pública
u993,p358,2024-01-06,true,pública
u95,p386,2025-02-02,true,privada
u1110,p1126,2025-10-20,false,pública
u1117,p869,2026-11-25,false,conexiones
u575,p775,2022-10-23,true,conexiones
u517,p1130,2026-08-17,false,pública
u2061,p1445,2021-06-29,true,pública
u623,p1447,2026-01-12,true,conexiones
u791,p597,2022-09-02,false,privada
u401,p872,2023-08-31,true,pública
u2139,p1235,2023-04-10,true,conexiones
u726,p509,2026-11-27,false,conexiones
u545,p524,2022-11-30,false,pública
u158,p590,2020-07-03,false,conexiones
u2074,p1273,2026-09-07,false,conexiones
u1860,p20,2026-10-12,true,conexiones
u133,p482,2024-12-02,false,privada
u36,p236,2023-09-04,true,privada
u1740,p1651,2021-07-22,true,conexiones
u488,p149,2025-01-02,false,pública
u1545,p1423,2022-07-07,true,pública
u1950,p445,2023-04-02,true,pública
u1422,p1596,2022-08-22,false,conexiones
u575,p1480,2020-04-30,false,pública
u1764,p493,2025-10-02,false,conexiones
u1724,p1200,2025-05-07,false,privada
u2050,p420,2024-08-22,true,pública
u177,p44,2023-10-24,true,privada
u1616,p1044,2020-04-28,false,privada
u1692,p1238,2024-05-21,false,pública
u335,p184,2024-12-10,true,privada
u1322,p198,2023-07-26,false,conexiones
u1245,p478,2023-08-09,false,conexiones
u1836,p805,2022-11-16,true,privada
u306,p1305,2020-10-07,false,pública
u188,p1098,2021-09-22,true,conexiones
u1525,p1469,2020-09-27,true,conexiones
u964,p234,2020-12-04,false,pública
u109,p212,2025-08-29,true,privada
u37,p1606,2024-03-08,true,pública
u1990,p9,2021-09-24,true,conexiones
u2162,p641,2022-12-08,false,pública
u2180,p898,2023-11-02,true,conexiones
u389,p223,2026-08-08,true,pública
u949,p1136,2025-11-15,true,pública
u628,p1586,2021-02-03,false,conexiones
u1289,p1596,2026-10-08,true,privada
u1015,p1341,2020-07-25,true,pública
u470,p1069,2021-08-28,false,pública
u1544,p531,2023-03-21,false,conexiones
u456,p1031,2024-01-08,false,conexiones
u914,p1237,2022-01-12,true,conexiones
u936,p244,2022-10-23,false,pública
u1244,p294,2021-08-17,false,conexiones
u2184,p1115,2020-10-09,false,pública
u685,p244,2021-10-28,true,privada
u1699,p1489,2021-06-19,true,privada
u345,p862,2026-07-01,false,privada
u1848,p1679,2023-09-19,true,privada
u1075,p514,2024-12-10,false,conexiones
u444,p1279,2023-09-19,true,privada
u343,p1018,2022-01-31,true,conexiones
u337,p562,2024-08-20,false,privada
u935,p1087,2026-06-08,true,privada
u64,p1402,2022-08-16,true,privada
u769,p817,2025-11-16,true,conexiones
u154,p566,2025-08-11,true,privada
u1739,p425,2025-09-29,true,pública
u158,p385,2026-02-03,false,privada
u1861,p755,2026-07-11,false,conexiones
u574,p905,2024-07-22,true,privada
u1164,p1139,2024-07-23,false,privada
u93,p459,2021-06-12,false,conexiones
u1993,p515,2023-03-20,false,conexiones
u1468,p1482,2021-08-22,false,pública
u280,p1363,2022-05-07,true,pública
u1985,p1233,2021-01-04,false,privada
u1235,p448,2026-10-14,true,pública
u1360,p1049,2026-05-17,true,privada
u2006,p601,2021-04-06,true,conexiones
u289,p1372,2022-03-21,false,conexiones
u1573,p1358,2020-05-11,true,pública
u1875,p195,2022-07-15,false,conexiones
u21,p351,2021-12-29,true,pública
u1126,p41,2023-11-10,false,conexiones
u1767,p1689,2023-04-26,true,pública
u1016,p1289,2025-09-02,false,privada
u1511,p1357,2023-10-13,true,conexiones
u2188,p1655,2022-04-10,true,pública
u521,p1508,2020-09-17,false,privada
u1454,p208,2026-01-17,false,conexiones
u1605,p1622,2022-05-20,false,privada
u574,p116,2023-04-07,false,pública
u911,p391,2020-05-12,false,conexiones
u675,p290,2020-01-04,false,conexiones
u1230,p1036,2023-05-09,true,conexiones
u1323,p1297,2025-01-13,true,privada
u2108,p1074,2025-11-04,false,pública
u885,p609,2023-09-20,false,privada
u1901,p756,2026-11-21,false,pública
u2162,p972,2026-10-17,false,conexiones
u496,p394,2026-07-27,true,privada
u130,p53,2024-11-27,false,conexiones
u2055,p13,2021-12-03,true,privada
u904,p1633,2024-02-12,false,pública
u63,p1108,2022-04-19,true,pública
u1987,p715,2021-05-27,true,pública
u1197,p66,2022-12-28,false,pública
u283,p564,2025-05-27,false,conexiones
u904,p820,2025-07-31,true,privada
u319,p203,2025-07-05,false,pública
u757,p215,2025-03-25,true,conexiones
u208,p1248,2020-02-24,false,conexiones
u658,p1219,2023-10-17,false,pública
u2053,p735,2022-12-23,false,privada
u320,p804,2023-06-23,false,pública
u237,p789,2021-02-28,true,conexiones
u759,p584,2020-11-15,false,privada
u1180,p640,2020-07-25,false,pública
u1071,p1530,2026-09-11,true,conexiones
u736,p1164,2021-05-12,false,conexiones
u983,p277,2023-01-31,false,conexiones
u649,p1087,2023-10-19,true,privada
u1323,p1270,2024-04-20,false,pública
u1732,p1254,2020-04-21,false,conexiones
u1871,p134,2021-11-06,false,conexiones
u1623,p1489,2020-12-21,true,conexiones
u143,p656,2021-07-13,false,pública
u246,p816,2026-09-19,false,pública
u745,p1379,2023-05-02,false,privada
u1172,p901,2022-05-05,false,pública
u1450,p1687,2026-01-06,true,conexiones
u797,p222,2022-06-16,true,pública
u1700,p1384,2020-01-18,true,pública
u463,p1665,2026-11-22,true,pública
u538,p1638,2020-02-22,false,conexiones
u377,p821,2025-01-27,false,pública
u2186,p237,2021-12-23,true,privada
u2098,p289,2020-06-17,true,privada
u1676,p1182,2022-09-08,false,conexiones
u37,p332,2020-05-14,true,conexiones
u1548,p476,2025-05-28,true,conexiones
u576,p1208,2024-05-05,false,conexiones
u181,p243,2025-01-05,true,pública
u1027,p895,2021-09-30,true,conexiones
u461,p982,2023-03-02,false,conexiones
u996,p1463,2024-12-14,true,privada
u1619,p565,2024-04-19,true,conexiones
u1202,p1412,2025-07-30,true,privada
u907,p465,2026-10-11,true,privada
u310,p1464,2026-05-31,true,pública
u1155,p1369,2022-07-12,false,privada
u1642,p680,2023-11-01,false,pública
u53,p1287,2024-10-25,false,pública
u280,p1594,2026-06-05,false,privada
u1609,p775,2023-01-03,false,pública
u1449,p873,2025-06-23,true,pública
u271,p220,2026-10-16,false,conexiones
u1194,p1424,2023-10-29,false,privada
u1589,p376,2024-02-15,true,privada
u609,p82,2021-01-02,true,conexiones
u712,p976,2021-10-09,true,conexiones
u760,p168,2025-07-12,false,conexiones
u1235,p304,2023-09-03,false,privada
u57,p293,2023-01-20,true,pública
u707,p439,2022-07-21,true,conexiones
u971,p791,2025-12-04,true,privada
u1285,p1297,2022-08-30,false,privada
u518,p572,2023-03-04,false,conexiones
u470,p377,2025-03-16,false,privada
u1614,p198,2026-12-02,true,conexiones
u292,p1691,2022-08-08,false,conexiones
u1066,p163,2020-09-06,true,conexiones
u8,p85,2022-10-04,true,conexiones
u1052,p1058,2023-04-16,true,conexiones
u1297,p638,2026-04-03,true,privada
u1242,p1541,2024-12-14,false,conexiones
u438,p911,2024-06-08,false,privada
u1422,p1014,2020-08-03,false,pública
u2019,p682,2025-05-29,true,conexiones
u224,p410,2020-01-30,false,conexiones
u67,p1169,2025-04-15,false,pública
u1379,p108,2026-05-22,true,privada
u1593,p1482,2022-08-08,false,conexiones
u870,p1686,2022-03-17,false,conexiones
u2070,p1027,2022-05-10,true,conexiones
u1260,p1523,2024-01-12,true,pública
u1450,p801,2023-07-22,false,conexiones
u1443,p1578,2026-07-04,false,privada
u2167,p568,2025-12-08,false,pública
u1536,p1243,2025-04-21,true,privada
u596,p1389,2024-08-07,false,conexiones
u1587,p1103,2026-08-03,true,conexiones
u1087,p308,2026-05-19,true,conexiones
u1886,p1568,2025-02-20,true,conexiones
u382,p18,2026-09-15,false,conexiones
u1519,p562,2021-07-18,false,conexiones
u925,p1284,2020-08-08,false,pública
u1938,p568,2026-05-24,false,conexiones
u908,p1521,2023-11-14,false,conexiones
u374,p965,2026-02-14,true,pública
u2008,p1072,2025-05-28,false,conexiones
u1551,p385,2026-03-30,true,conexiones
u389,p817,2023-02-01,true,pública
u426,p1313,2023-02-26,false,conexiones
u1051,p1436,2026-05-13,true,pública
u2179,p1189,2024-08-01,true,pública
u607,p201,2026-12-09,true,privada
u1119,p862,2023-10-08,false,conexiones
u1853,p625,2025-02-13,true,conexiones
u1653,p1573,2020-05-10,false,pública
u1401,p1698,2020-06-11,true,privada
u2178,p117,2021-09-09,true,pública
u1385,p1191,2025-01-05,true,conexiones
u1775,p1074,2025-05-04,false,conexiones
u1463,p787,2025-04-22,true,pública
u647,p917,2022-07-12,true,conexiones
u2068,p1291,2020-09-09,false,pública
u1061,p241,2024-04-26,true,privada
u1158,p1307,2022-06-27,false,conexiones
u1841,p1631,2024-12-07,false,conexiones
u923,p1032,2021-02-06,true,pública
u116,p308,2023-08-16,false,conexiones
u1835,p544,2024-04-01,false,pública
u866,p1363,2021-10-11,false,privada
u451,p1095,2021-12-10,true,privada
u845,p1158,2025-02-17,true,conexiones
u1082,p40,2020-05-18,false,conexiones
u771,p716,2021-10-23,false,privada
u596,p1216,2026-05-10,false,conexiones
u158,p468,2021-12-23,false,conexiones
u2008,p727,2021-04-25,false,pública
u82,p1197,2020-03-13,true,privada
u1950,p1037,2023-06-30,true,pública
u554,p390,2023-09-24,false,pública
u601,p220,2020-02-09,true,privada
u2193,p295,2026-04-29,true,privada
u1798,p1510,2020-08-28,true,conexiones
u395,p1159,2024-11-05,true,privada
u357,p406,2020-03-06,false,privada
u886,p160,2023-05-14,true,pública
u1490,p588,2021-04-16,true,conexiones
u586,p1065,2023-02-15,false,privada
u4,p71,2024-08-17,true,pública
u244,p602,2024-03-28,false,pública
u1757,p1236,2026-01-27,true,privada
u60,p1025,2022-12-01,false,conexiones
u587,p1531,2020-10-14,true,pública
u1260,p1676,2024-09-21,true,pública
u367,p1468,2024-01-17,false,pública
u58,p1385,2026-12-20,false,conexiones
u1239,p29,2023-01-03,true,pública
u404,p744,2024-03-23,true,privada
u430,p1461,2022-05-24,true,privada
u711,p655,2023-09-11,true,pública
u158,p393,2023-03-28,false,pública
u398,p1453,2021-07-30,true,privada
u2080,p360,2020-10-03,false,pública
u2078,p1001,2026-10-07,false,privada
u12,p453,2021-10-16,false,conexiones
u674,p799,2026-11-23,true,privada
u284,p1667,2024-02-10,false,privada
u753,p478,2024-12-19,false,pública
u675,p1221,2024-11-20,false,pública
u940,p744,2024-03-26,false,pública
u212,p573,2022-06-14,false,privada
u561,p943,2022-07-13,true,conexiones
u1686,p1438,2020-12-21,true,conexiones
u1321,p258,2022-09-25,false,conexiones
u1603,p986,2025-02-14,true,privada
u1066,p982,2023-03-28,false,conexiones
u782,p452,2024-08-24,false,pública
u1400,p1282,2025-03-24,true,pública
u1228,p559,2026-05-12,false,pública
u1156,p1262,2021-07-06,true,conexiones
u322,p806,2021-03-03,true,pública
u924,p925,2024-05-31,true,pública
u99,p387,2022-12-10,true,conexiones
u1142,p214,2020-03-29,true,privada
u770,p282,2024-05-11,true,pública
u91,p1533,2025-11-09,false,privada
u1280,p652,2023-12-07,true,privada
u2002,p1632,2021-02-04,false,conexiones
u769,p1224,2023-11-03,false,pública
u1831,p880,2024-04-03,true,privada
u567,p1187,2022-12-18,false,privada
u1998,p345,2024-03-28,false,conexiones
u775,p310,2026-04-14,false,conexiones
u1966,p312,2026-09-24,true,privada
u1547,p1128,2020-04-12,true,conexiones
u1138,p1182,2020-05-11,false,privada
u991,p1419,2022-02-19,false,privada
u1333,p658,2024-04-19,true,conexiones
u694,p91,2023-08-17,true,pública
u1161,p115,2026-03-14,false,privada
u892,p1191,2022-10-06,true,privada
u844,p664,2020-02-08,false,privada
u1383,p732,2020-02-04,true,pública
u786,p397,2020-05-05,true,conexiones
u897,p1457,2026-10-10,false,privada
u1755,p1114,2023-11-23,false,privada
u1822,p152,2021-06-16,false,privada
u1068,p451,2020-06-22,true,privada
u1521,p54,2022-10-10,true,conexiones
u916,p220,2023-06-16,true,privada
u1467,p884,2021-04-30,false,privada
u2084,p1017,2022-04-09,false,conexiones
u606,p869,2021-08-05,true,privada
u435,p84,2024-08-01,true,pública
u1973,p173,2023-02-08,false,conexiones
u2100,p976,2024-11-14,true,conexiones
u1102,p1295,2023-06-20,false,conexiones
u2116,p1395,2024-12-04,false,conexiones
u1446,p780,2025-07-15,true,privada
u1677,p1215,2024-11-07,true,pública
u1093,p427,2022-10-13,false,conexiones
u1840,p417,2025-04-05,true,conexiones
u235,p407,2026-04-22,true,pública
u285,p1449,2026-05-20,false,conexiones
u1038,p583,2023-03-10,false,conexiones
u1634,p1622,2026-08-22,true,pública
u1803,p298,2025-08-09,false,privada
u1616,p623,2024-10-14,true,conexiones
u164,p565,2024-06-13,false,pública
u1160,p695,2024-01-24,true,conexiones
u2071,p241,2024-02-01,false,privada
u1781,p246,2020-09-07,true,privada
u1669,p1248,2024-12-02,false,privada
u1617,p1148,2021-07-04,false,privada
u1445,p1331,2023-11-10,true,pública
u630,p1080,2024-05-19,true,pública
u2029,p134,2022-09-16,false,pública
u1706,p405,2025-11-29,false,conexiones
u1095,p1227,2022-02-27,true,conexiones
u839,p1014,2020-06-22,false,privada
u1262,p1231,2023-07-23,true,privada
u1389,p1320,2026-01-07,true,pública
u1328,p714,2021-12-30,false,pública
u1758,p1572,2026-08-24,true,privada
u364,p1588,2020-09-25,false,conexiones
u1743,p652,2023-01-31,false,pública
u1302,p379,2021-08-05,true,conexiones
u1795,p512,2023-02-18,false,pública
u288,p415,2025-12-02,true,pública
u1357,p236,2022-06-17,false,conexiones
u2142,p1537,2022-06-14,false,pública
u1047,p966,2021-06-09,false,pública
u1820,p30,2020-12-17,true,conexiones
u330,p422,2023-11-14,false,privada
u1707,p1510,2025-09-06,false,pública
u1051,p7,2026-11-20,false,conexiones
u1480,p1291,2020-07-03,false,conexiones
u829,p1439,2023-02-24,false,pública
u244,p1340,2022-03-31,false,conexiones
u1734,p259,2023-09-16,false,pública
u658,p861,2022-02-01,false,privada
u337,p1538,2024-03-17,false,privada
u1977,p1048,2023-10-13,false,privada
u825,p1437,2026-04-26,true,conexiones
u1859,p859,2024-10-17,true,conexiones
u146,p322,2021-12-15,false,privada
u137,p768,2025-05-03,true,privada
u978,p445,2026-01-14,true,conexiones
u1362,p195,2021-09-04,true,conexiones
u1126,p268,2024-10-29,true,pública
u136,p1139,2021-12-14,true,privada
u1358,p1145,2021-02-19,true,pública
u1925,p650,2020-01-20,false,pública
u1882,p408,2020-12-28,true,privada
u1583,p437,2021-05-20,false,conexiones
u439,p741,2026-01-14,true,privada
u1767,p890,2020-05-12,true,privada
u229,p61,2022-01-19,true,conexiones
u829,p1301,2026-02-13,false,conexiones
u2192,p1362,2020-02-19,true,privada
u2148,p100,2021-01-17,true,privada
u433,p374,2023-06-18,false,pública
u2090,p1099,2023-08-18,false,privada
u853,p896,2025-11-08,true,pública
u2029,p1069,2020-08-06,true,privada
u1577,p224,2026-03-15,true,conexiones
u559,p1292,2020-12-10,true,pública
u1372,p1290,2024-10-01,false,conexiones
u845,p81,2023-09-13,false,privada
u2050,p133,2020-12-17,false,conexiones
u895,p821,2023-08-31,true,pública
u279,p815,2024-05-13,false,pública
u1163,p1586,2020-01-04,true,conexiones
u1229,p116,2024-03-23,true,conexiones
u1804,p27,2021-12-01,false,privada
u1718,p1057,2021-05-01,true,pública
u277,p1586,2022-11-23,false,privada
u1548,p1071,2024-11-16,false,conexiones
u1917,p1567,2020-09-06,true,conexiones
u542,p332,2024-03-12,true,conexiones
u2157,p468,2021-01-31,false,pública
u649,p144,2025-06-28,true,pública
u1345,p729,2025-10-01,false,conexiones
u542,p191,2022-09-19,true,privada
u871,p303,2024-03-18,true,pública
u1721,p675,2025-06-19,true,pública
u618,p384,2024-02-13,true,pública
u1457,p861,2022-03-17,false,conexiones
u2029,p560,2026-04-09,false,privada
u1581,p182,2022-10-24,true,privada
u612,p1438,2020-05-17,false,conexiones
u2150,p1060,2021-09-12,true,privada
u1201,p1487,2023-04-01,true,conexiones
u1429,p1463,2020-12-02,false,conexiones
u1733,p967,2025-02-01,false,conexiones
u1212,p233,2025-07-30,true,privada
u2182,p1276,2023-10-10,false,privada
u180,p532,2025-06-16,false,conexiones
u478,p1617,2021-06-18,false,privada
u777,p546,2023-03-17,false,pública
u347,p189,2026-08-02,false,pública
u1337,p990,2025-09-27,true,pública
u314,p1274,2020-06-22,false,privada
u602,p321,2020-02-21,false,conexiones
u2094,p607,2023-03-15,false,pública
u258,p755,2022-03-12,false,conexiones
u911,p523,2023-11-19,true,conexiones
u1639,p417,2020-02-29,false,conexiones
u1580,p1319,2020-11-12,true,pública
u1932,p1217,2025-02-20,false,pública
u1174,p846,2024-06-24,true,privada
u1398,p1662,2026-08-04,true,conexiones
u626,p1588,2022-11-17,false,conexiones
u1786,p293,2025-09-12,true,conexiones
u1009,p1067,2020-01-16,false,conexiones
u1298,p201,2021-07-18,true,conexiones
u1271,p1507,2022-12-27,false,privada
u224,p799,2022-09-10,false,conexiones
u775,p1238,2026-06-17,true,privada
u527,p1602,2026-10-29,true,privada
u112,p755,2025-10-22,true,privada
u373,p981,2022-05-10,true,conexiones
u847,p820,2023-09-01,true,pública
u1483,p18,2023-03-25,false,privada
u724,p1152,2023-11-20,true,privada
u1768,p851,2023-11-02,false,privada
u121,p932,2022-05-27,false,conexiones
u1048,p929,2024-10-04,true,privada
u905,p1090,2022-06-28,true,conexiones
u1375,p808,2024-11-14,false,pública
u1007,p180,2021-01-14,true,pública
u671,p1102,2024-02-28,true,privada
u569,p85,2026-04-13,true,pública
u363,p506,2021-01-02,false,pública
u1547,p669,2021-02-25,true,conexiones
u1518,p140,2021-07-15,true,pública
u497,p1432,2023-01-05,true,conexiones
u1875,p1216,2020-04-17,false,conexiones
u1422,p1519,2020-02-27,false,privada
u105,p1584,2024-03-12,false,pública
u2012,p1279,2020-10-02,true,pública
u311,p96,2020-02-02,true,privada
u1598,p502,2024-08-10,true,pública
u1139,p1661,2022-07-17,false,pública
u1574,p895,2025-06-20,false,privada
u1465,p1684,2022-05-17,false,pública
u868,p1528,2021-08-20,true,privada
u2012,p205,2026-03-03,false,conexiones
u1753,p330,2024-04-25,false,pública
u1484,p139,2026-10-13,true,pública
u1150,p1642,2025-04-25,false,privada
u832,p360,2022-05-05,false,pública
u1694,p1680,2023-03-09,true,privada
u60,p1103,2024-02-29,true,pública
u1575,p1225,2024-12-24,true,conexiones
u914,p498,2022-08-23,true,conexiones
u2103,p102,2025-12-04,true,conexiones
u1283,p1458,2025-05-27,true,pública
u336,p90,2025-05-09,true,privada
u1443,p275,2020-02-04,true,privada
u892,p571,2021-01-23,false,pública
u1352,p1023,2026-03-22,true,pública
u630,p1006,2026-02-07,true,privada
u1791,p1108,2022-08-17,true,privada
u1876,p1486,2025-08-11,false,conexiones
u1914,p1002,2021-08-11,true,conexiones
u422,p1426,2023-10-06,false,conexiones
u1189,p824,2024-11-10,false,privada
u1692,p42,2021-01-05,false,privada
u82,p789,2022-04-11,true,privada
u975,p796,2020-04-27,false,conexiones
u359,p1458,2021-04-28,true,privada
u575,p177,2024-12-30,false,privada
u1196,p1258,2025-07-18,false,privada
u1214,p1311,2020-04-09,false,pública
u744,p1283,2022-05-23,true,pública
u1000,p654,2021-10-29,false,pública
u328,p1589,2023-05-01,false,conexiones
u26,p490,2022-03-14,false,privada
u2121,p320,2023-05-12,false,privada
u1368,p805,2023-05-27,true,pública
u284,p599,2021-04-29,false,privada
u2016,p130,2023-07-07,false,pública
u328,p246,2022-06-10,true,privada
u2157,p511,2020-08-05,true,conexiones
u1846,p269,2021-08-18,true,privada
u989,p1427,2021-04-26,true,privada
u1320,p904,2022-03-12,true,conexiones
u1717,p1598,2026-07-29,false,privada
u1304,p1003,2024-01-18,true,pública
u1249,p1027,2020-07-05,true,conexiones
u502,p1331,2023-02-27,false,privada
u1969,p126,2021-02-27,true,privada
u192,p1523,2021-05-12,false,pública
u986,p732,2021-03-04,false,pública
u2004,p1101,2025-04-07,false,pública
u1142,p391,2026-09-19,true,conexiones
u2106,p1302,2022-12-06,false,conexiones
u649,p1005,2024-09-05,true,pública
u697,p289,2020-05-31,false,conexiones
u804,p1164,2022-07-31,false,pública
u1276,p266,2024-01-20,false,pública
u2172,p609,2021-10-03,false,privada
u1876,p1283,2023-06-20,false,conexiones
